team_id,team_name,gp,w,l,w_pct,min,fgm,fga,fg_pct,fg3m,fg3a,fg3_pct,ftm,fta,ft_pct,oreb,dreb,reb,ast,tov,stl,blk,blka,pf,pfd,pts,plus_minus,season,e_off_rating,off_rating,e_def_rating,def_rating,e_net_rating,net_rating,ast_pct,ast_to,ast_ratio,oreb_pct,dreb_pct,reb_pct,tm_tov_pct,efg_pct,ts_pct,e_pace,pace,pace_per40,poss,pie
1610612737,Atlanta Hawks,82,48,34,0.585,48.4,38.6,84.4,0.458,9.9,28.4,0.35,15.6,20.0,0.783,8.3,33.8,42.1,25.6,15.0,9.1,5.9,5.0,19.1,18.3,102.8,3.6,2015-16,103.0,104.6,98.8,100.8,4.1,3.9,0.663,1.71,19.0,0.234,0.698,0.474,0.152,0.516,0.552,99.4,97.63,81.36,8059,0.528
1610612738,Boston Celtics,82,48,34,0.585,48.2,39.2,89.2,0.439,8.7,26.1,0.335,18.5,23.5,0.788,11.6,33.3,44.9,24.2,13.7,9.2,4.2,5.5,21.9,21.0,105.7,3.2,2015-16,103.9,105.8,100.9,102.5,3.0,3.3,0.616,1.76,17.4,0.29,0.707,0.495,0.138,0.488,0.531,101.1,99.43,82.86,8191,0.52
1610612751,Brooklyn Nets,82,21,61,0.256,48.2,38.2,84.4,0.453,6.5,18.4,0.352,15.7,20.7,0.757,10.5,31.9,42.4,22.3,14.8,7.6,4.0,5.2,18.0,18.4,98.6,-7.4,2015-16,100.9,102.4,108.5,109.7,-7.6,-7.4,0.583,1.51,17.0,0.279,0.716,0.494,0.153,0.492,0.527,97.4,96.12,80.1,7903,0.46
1610612766,Charlotte Hornets,82,48,34,0.585,48.4,37.0,84.4,0.439,10.6,29.4,0.362,18.7,23.7,0.79,9.0,35.0,43.9,21.7,12.5,7.3,5.3,5.5,18.1,20.4,103.4,2.7,2015-16,105.1,106.4,101.8,103.7,3.3,2.7,0.586,1.73,16.7,0.244,0.754,0.499,0.129,0.502,0.545,97.8,96.24,80.2,7966,0.511
1610612741,Chicago Bulls,82,42,40,0.512,48.5,38.6,87.4,0.441,7.9,21.4,0.371,16.5,21.0,0.787,11.1,35.2,46.3,22.8,13.9,6.0,5.7,5.7,18.8,18.7,101.6,-1.5,2015-16,102.1,104.1,103.9,105.5,-1.8,-1.4,0.591,1.64,17.0,0.29,0.714,0.506,0.142,0.487,0.526,98.2,96.6,80.5,8008,0.494
1610612739,Cleveland Cavaliers,82,57,25,0.695,48.4,38.7,84.0,0.46,10.7,29.6,0.362,16.3,21.7,0.748,10.6,33.9,44.5,22.7,13.6,6.7,3.9,4.4,20.3,20.6,104.3,6.0,2015-16,108.1,110.2,102.3,103.9,5.8,6.3,0.587,1.67,17.4,0.294,0.742,0.519,0.143,0.524,0.558,95.5,93.82,78.19,7764,0.528
1610612742,Dallas Mavericks,82,42,40,0.512,48.8,37.4,84.1,0.444,9.8,28.6,0.344,17.7,22.3,0.794,9.2,33.9,43.1,22.1,12.8,6.8,3.7,4.4,19.5,21.4,102.3,-0.3,2015-16,104.8,105.5,104.3,105.9,0.6,-0.4,0.592,1.73,17.0,0.241,0.723,0.484,0.132,0.502,0.544,96.4,95.34,79.45,7950,0.503
1610612743,Denver Nuggets,82,33,49,0.402,48.4,37.7,85.4,0.442,8.0,23.7,0.338,18.5,24.1,0.766,11.5,33.1,44.6,22.7,14.7,7.4,4.8,6.3,21.0,20.9,101.9,-3.1,2015-16,102.7,104.9,106.4,108.2,-3.7,-3.3,0.601,1.55,16.9,0.304,0.732,0.513,0.151,0.489,0.531,98.2,96.34,80.28,7963,0.479
1610612765,Detroit Pistons,82,44,38,0.537,48.5,37.9,86.4,0.439,9.0,26.2,0.345,17.1,25.5,0.668,12.5,33.9,46.3,19.4,13.5,7.0,3.7,4.5,19.0,21.6,102.0,0.6,2015-16,103.3,105.3,103.4,104.9,-0.2,0.3,0.512,1.44,14.8,0.313,0.753,0.521,0.14,0.491,0.522,97.4,95.75,79.79,7942,0.486
1610612744,Golden State Warriors,82,73,9,0.89,48.5,42.5,87.3,0.487,13.1,31.6,0.416,16.7,21.8,0.763,10.0,36.2,46.2,28.9,15.2,8.4,6.1,4.1,20.7,19.8,114.9,10.8,2015-16,112.5,113.5,100.9,102.8,11.6,10.6,0.68,1.91,20.4,0.267,0.72,0.507,0.15,0.563,0.593,101.6,100.24,83.54,8303,0.567
1610612745,Houston Rockets,82,41,41,0.5,48.4,37.7,83.5,0.452,10.7,30.9,0.347,20.4,29.4,0.694,11.3,31.7,43.1,22.2,15.9,10.0,5.2,4.9,21.8,22.5,106.5,0.2,2015-16,105.5,107.3,105.6,107.3,-0.2,0.0,0.589,1.39,16.4,0.297,0.692,0.492,0.161,0.516,0.553,100.1,98.42,82.02,8139,0.49
1610612754,Indiana Pacers,82,45,37,0.549,48.5,38.3,85.2,0.45,8.1,23.0,0.351,17.4,22.8,0.764,10.3,33.9,44.2,21.2,14.9,9.0,4.8,4.5,20.0,20.4,102.2,1.7,2015-16,102.4,103.8,100.2,102.2,2.2,1.6,0.554,1.43,16.1,0.271,0.714,0.494,0.151,0.497,0.536,99.0,97.35,81.13,8068,0.518
1610612746,LA Clippers,82,53,29,0.646,48.4,38.3,82.4,0.465,9.7,26.7,0.364,18.2,26.2,0.692,8.8,33.3,42.0,22.8,13.0,8.6,5.6,3.2,21.3,22.5,104.5,4.3,2015-16,106.5,107.2,100.9,102.7,5.5,4.5,0.596,1.76,17.4,0.234,0.697,0.472,0.133,0.524,0.556,98.0,96.81,80.68,7995,0.533
1610612747,Los Angeles Lakers,82,17,65,0.207,48.1,35.1,84.8,0.414,7.8,24.6,0.317,19.3,24.7,0.781,10.7,32.3,43.0,18.0,13.7,7.2,4.1,5.6,20.3,19.2,97.3,-9.6,2015-16,98.6,100.7,109.3,110.3,-10.7,-9.7,0.513,1.31,14.1,0.271,0.712,0.484,0.142,0.46,0.509,98.0,96.55,80.46,7930,0.424
1610612763,Memphis Grizzlies,82,42,40,0.512,48.4,36.8,83.6,0.44,6.1,18.5,0.331,19.3,24.7,0.783,11.2,30.5,41.6,20.7,13.3,8.8,4.3,5.7,21.7,21.1,99.1,-2.2,2015-16,102.6,104.7,105.4,107.1,-2.9,-2.4,0.562,1.56,16.0,0.298,0.709,0.495,0.14,0.477,0.524,95.7,93.95,78.29,7763,0.483
1610612748,Miami Heat,82,48,34,0.585,48.4,38.4,81.7,0.47,6.1,18.0,0.336,17.1,23.0,0.744,9.8,34.3,44.1,20.8,14.1,6.7,6.5,4.1,18.3,19.6,100.0,1.6,2015-16,104.2,105.5,101.5,103.7,2.6,1.7,0.543,1.48,16.3,0.28,0.729,0.512,0.148,0.508,0.545,95.7,94.14,78.45,7779,0.525
1610612749,Milwaukee Bucks,82,33,49,0.402,48.4,38.4,82.2,0.467,5.4,15.6,0.345,17.0,22.7,0.747,10.5,31.2,41.7,23.1,15.2,8.2,5.8,5.6,20.7,19.5,99.0,-4.2,2015-16,102.2,103.4,105.7,107.8,-3.5,-4.5,0.603,1.52,17.6,0.286,0.689,0.49,0.159,0.499,0.537,96.6,95.05,79.21,7858,0.483
1610612750,Minnesota Timberwolves,82,29,53,0.354,48.5,37.7,81.3,0.464,5.5,16.4,0.338,21.4,27.0,0.792,10.0,31.5,41.6,23.4,15.0,8.0,4.6,5.2,20.7,21.6,102.4,-3.5,2015-16,104.3,105.4,107.1,109.0,-2.8,-3.5,0.619,1.56,17.6,0.279,0.702,0.494,0.155,0.498,0.549,97.6,96.2,80.17,7965,0.497
1610612740,New Orleans Pelicans,82,30,52,0.366,48.2,38.5,85.9,0.448,8.6,23.8,0.36,17.3,22.2,0.776,9.5,33.1,42.6,22.2,13.4,7.7,4.2,5.2,20.9,19.9,102.7,-3.8,2015-16,103.2,104.8,107.3,108.4,-4.1,-3.7,0.577,1.65,16.8,0.252,0.748,0.493,0.137,0.498,0.537,98.9,97.64,81.37,8041,0.472
1610612752,New York Knicks,82,32,50,0.39,48.3,36.9,84.0,0.439,7.4,21.5,0.346,17.2,21.4,0.805,10.4,34.0,44.4,20.5,13.4,5.7,5.7,4.2,19.7,18.5,98.4,-2.7,2015-16,102.0,103.9,104.8,106.7,-2.8,-2.8,0.557,1.53,16.0,0.28,0.718,0.502,0.142,0.483,0.527,95.8,94.12,78.43,7763,0.487
1610612760,Oklahoma City Thunder,82,55,27,0.671,48.4,41.1,86.4,0.476,8.3,23.7,0.349,19.7,25.2,0.782,13.1,35.6,48.6,23.0,15.9,7.4,5.9,4.5,20.6,20.2,110.2,7.3,2015-16,109.9,112.1,103.0,104.8,6.9,7.4,0.558,1.44,16.7,0.347,0.72,0.541,0.162,0.524,0.565,99.4,97.54,81.28,8061,0.546
1610612753,Orlando Magic,82,35,47,0.427,48.5,39.5,86.8,0.455,7.8,22.2,0.35,15.2,20.1,0.757,10.3,33.0,43.3,23.6,14.1,8.2,5.1,5.5,20.7,18.3,102.1,-1.6,2015-16,102.6,104.4,104.6,106.0,-2.0,-1.6,0.596,1.67,17.6,0.271,0.726,0.495,0.144,0.5,0.533,98.2,96.68,80.57,8018,0.488
1610612755,Philadelphia 76ers,82,10,72,0.122,48.3,36.2,84.0,0.431,9.3,27.5,0.339,15.7,22.6,0.694,9.5,31.8,41.2,21.5,16.4,8.3,6.0,5.7,21.7,19.2,97.4,-10.2,2015-16,96.6,98.4,106.7,108.6,-10.0,-10.2,0.594,1.31,16.3,0.25,0.693,0.466,0.165,0.487,0.519,100.2,98.44,82.03,8119,0.428
1610612756,Phoenix Suns,82,23,59,0.28,48.1,37.2,85.6,0.435,9.0,25.8,0.348,17.5,23.2,0.751,11.5,33.3,44.8,20.7,17.2,7.7,3.8,5.5,22.7,21.6,100.9,-6.7,2015-16,99.4,101.5,107.0,107.9,-7.6,-6.5,0.558,1.21,15.4,0.297,0.733,0.508,0.173,0.487,0.526,100.9,99.39,82.82,8152,0.45
1610612757,Portland Trail Blazers,82,44,38,0.537,48.3,38.6,85.9,0.45,10.5,28.5,0.37,17.4,23.0,0.754,11.6,33.9,45.5,21.3,14.6,6.9,4.6,5.2,21.7,19.5,105.1,0.8,2015-16,106.1,107.6,105.6,106.8,0.6,0.8,0.552,1.46,16.0,0.294,0.728,0.51,0.15,0.511,0.548,98.3,97.06,80.88,8012,0.493
1610612758,Sacramento Kings,82,33,49,0.402,48.3,40.0,86.4,0.464,8.0,22.4,0.359,18.5,25.5,0.725,10.6,33.7,44.2,24.5,16.2,8.9,4.5,5.3,20.4,22.0,106.6,-2.5,2015-16,103.3,105.3,106.3,107.6,-3.0,-2.3,0.612,1.52,17.6,0.281,0.717,0.5,0.16,0.51,0.546,102.2,100.66,83.88,8302,0.494
1610612759,San Antonio Spurs,82,67,15,0.817,48.1,40.1,82.9,0.484,7.0,18.5,0.375,16.4,20.4,0.803,9.4,34.5,43.9,24.5,13.1,8.3,5.9,3.9,17.5,19.5,103.5,10.6,2015-16,108.4,109.3,96.6,98.2,11.8,11.1,0.611,1.88,18.8,0.266,0.746,0.516,0.138,0.526,0.564,95.7,94.54,78.78,7767,0.578
1610612761,Toronto Raptors,82,56,26,0.683,48.2,36.7,81.3,0.451,8.6,23.4,0.37,20.8,26.7,0.777,10.2,33.2,43.4,18.7,13.1,7.8,5.5,5.4,19.6,22.0,102.7,4.5,2015-16,107.0,109.3,102.7,104.8,4.3,4.4,0.511,1.43,14.9,0.3,0.736,0.52,0.139,0.504,0.552,95.3,93.35,77.8,7707,0.525
1610612762,Utah Jazz,82,40,42,0.488,48.7,36.1,80.4,0.449,8.5,23.9,0.355,17.1,23.0,0.744,10.7,32.5,43.2,19.0,14.9,7.7,5.2,4.7,20.2,19.9,97.7,1.8,2015-16,103.1,105.0,101.6,103.2,1.6,1.8,0.526,1.27,15.1,0.303,0.731,0.517,0.161,0.501,0.54,93.3,91.66,76.39,7625,0.508
1610612764,Washington Wizards,82,41,41,0.5,48.2,39.5,85.8,0.46,8.6,24.2,0.358,16.5,22.5,0.73,9.1,32.8,41.8,24.5,14.5,8.6,3.9,4.3,20.8,20.1,104.1,-0.5,2015-16,102.9,104.5,103.6,105.1,-0.7,-0.5,0.619,1.69,18.1,0.25,0.737,0.49,0.145,0.511,0.544,100.6,99.16,82.63,8163,0.497
1610612737,Atlanta Hawks,82,43,39,0.524,48.5,38.1,84.4,0.451,8.9,26.1,0.341,18.1,24.9,0.728,10.3,34.1,44.3,23.6,15.8,8.2,4.8,5.2,18.2,21.6,103.2,-0.9,2016-17,102.3,104.5,103.1,105.2,-0.8,-0.7,0.621,1.5,17.4,0.282,0.717,0.502,0.16,0.504,0.541,99.8,97.76,81.46,8091,0.506
1610612738,Boston Celtics,82,53,29,0.646,48.2,38.6,85.1,0.454,12.0,33.4,0.359,18.7,23.2,0.807,9.1,32.9,42.0,25.2,13.3,7.5,4.1,5.2,20.6,20.3,108.0,2.6,2016-17,108.6,110.6,105.5,108.0,3.1,2.6,0.653,1.9,18.8,0.259,0.705,0.485,0.136,0.525,0.567,99.3,97.21,81.01,8005,0.514
1610612751,Brooklyn Nets,82,20,62,0.244,48.2,37.8,85.2,0.444,10.7,31.6,0.338,19.4,24.6,0.788,8.8,35.1,43.9,21.4,16.5,7.2,4.7,5.6,21.0,20.4,105.8,-6.7,2016-17,101.9,103.6,108.0,110.1,-6.1,-6.5,0.566,1.29,15.9,0.241,0.716,0.483,0.162,0.507,0.551,103.6,101.75,84.79,8371,0.46
1610612766,Charlotte Hornets,82,36,46,0.439,48.4,37.7,85.4,0.442,10.0,28.6,0.351,19.4,23.8,0.815,8.8,34.8,43.6,23.1,11.5,7.0,4.8,5.5,16.6,19.9,104.9,0.2,2016-17,106.4,108.4,106.1,108.4,0.3,0.0,0.611,2.01,17.6,0.247,0.749,0.496,0.119,0.501,0.547,97.8,95.92,79.93,7934,0.505
1610612741,Chicago Bulls,82,41,41,0.5,48.2,38.6,87.1,0.444,7.6,22.3,0.34,18.0,22.5,0.798,12.2,34.1,46.3,22.6,13.6,7.8,4.8,4.6,17.7,18.8,102.9,0.4,2016-17,104.6,106.5,104.5,106.2,0.1,0.3,0.584,1.66,16.8,0.311,0.733,0.519,0.14,0.487,0.53,97.7,96.02,80.02,7919,0.504
1610612739,Cleveland Cavaliers,82,51,31,0.622,48.5,39.9,84.9,0.47,13.0,33.9,0.384,17.5,23.3,0.748,9.3,34.4,43.7,22.7,13.7,6.6,4.0,4.3,18.1,20.6,110.3,3.2,2016-17,110.9,112.8,108.0,109.7,2.9,3.1,0.567,1.66,17.1,0.264,0.722,0.499,0.14,0.547,0.58,98.4,96.74,80.61,8019,0.51
1610612742,Dallas Mavericks,82,33,49,0.402,48.2,36.2,82.3,0.44,10.7,30.2,0.355,14.8,18.5,0.801,7.9,30.7,38.6,20.8,11.9,7.5,3.7,3.4,19.1,19.4,97.9,-2.9,2016-17,103.7,104.7,106.3,107.7,-2.6,-3.0,0.574,1.75,16.8,0.216,0.733,0.465,0.127,0.505,0.541,94.2,93.11,77.59,7668,0.479
1610612743,Denver Nuggets,82,40,42,0.488,48.2,41.2,87.7,0.469,10.6,28.8,0.368,18.7,24.2,0.774,11.8,34.6,46.4,25.3,15.0,6.9,3.9,4.9,19.1,20.2,111.7,0.5,2016-17,110.0,112.2,110.5,111.7,-0.5,0.4,0.615,1.69,18.2,0.314,0.753,0.532,0.15,0.53,0.568,100.7,99.18,82.65,8167,0.503
1610612765,Detroit Pistons,82,37,45,0.451,48.3,39.9,88.8,0.449,7.7,23.4,0.33,13.9,19.3,0.719,11.1,34.6,45.7,21.1,11.9,7.0,3.8,4.1,17.9,17.5,101.3,-1.1,2016-17,103.3,105.3,105.3,106.7,-2.0,-1.4,0.53,1.78,16.1,0.286,0.775,0.519,0.123,0.492,0.521,97.1,95.52,79.6,7890,0.482
1610612744,Golden State Warriors,82,67,15,0.817,48.2,43.1,87.1,0.495,12.0,31.2,0.383,17.8,22.6,0.788,9.4,35.0,44.4,30.4,14.8,9.6,6.8,3.8,19.3,19.4,115.9,11.6,2016-17,113.2,114.8,101.1,103.4,12.1,11.4,0.705,2.06,21.2,0.272,0.709,0.504,0.146,0.563,0.597,102.2,100.37,83.65,8279,0.579
1610612745,Houston Rockets,82,55,27,0.671,48.2,40.3,87.2,0.462,14.4,40.3,0.357,20.3,26.5,0.766,10.9,33.5,44.4,25.2,15.1,8.2,4.3,5.0,19.9,20.4,115.3,5.8,2016-17,111.8,114.1,106.4,108.4,5.4,5.7,0.626,1.67,18.1,0.281,0.717,0.499,0.15,0.545,0.583,102.5,100.55,83.79,8289,0.516
1610612754,Indiana Pacers,82,42,40,0.512,48.4,39.3,84.5,0.465,8.6,23.0,0.376,17.9,22.1,0.81,9.0,33.0,42.0,22.5,13.8,8.2,5.0,5.0,19.5,19.5,105.1,-0.2,2016-17,106.2,107.9,106.3,108.1,-0.1,-0.2,0.572,1.63,17.2,0.255,0.713,0.488,0.141,0.516,0.558,98.1,96.59,80.49,7989,0.505
1610612746,LA Clippers,82,51,31,0.622,48.2,39.5,83.2,0.475,10.3,27.4,0.375,19.3,26.0,0.745,9.0,34.0,43.0,22.5,13.0,7.5,4.2,3.1,19.8,22.4,108.7,4.3,2016-17,110.3,111.8,105.8,107.5,4.5,4.4,0.57,1.74,17.2,0.256,0.733,0.501,0.133,0.537,0.574,98.2,96.77,80.64,7968,0.527
1610612747,Los Angeles Lakers,82,26,56,0.317,48.1,39.3,87.4,0.45,8.9,25.7,0.346,17.0,22.6,0.754,11.4,32.1,43.5,20.9,15.2,8.2,3.9,5.4,20.7,18.5,104.6,-6.9,2016-17,103.4,105.3,110.6,112.0,-7.2,-6.7,0.532,1.38,15.6,0.284,0.717,0.494,0.153,0.501,0.537,100.8,99.26,82.72,8143,0.446
1610612763,Memphis Grizzlies,82,43,39,0.524,48.5,36.4,83.6,0.435,9.4,26.5,0.354,18.3,23.4,0.784,10.8,32.0,42.8,21.3,12.9,8.0,4.2,5.0,22.4,20.8,100.5,0.5,2016-17,104.7,107.0,104.5,106.5,0.1,0.5,0.584,1.65,16.5,0.295,0.731,0.507,0.137,0.491,0.535,94.7,92.84,77.37,7702,0.501
1610612748,Miami Heat,82,41,41,0.5,48.2,39.0,85.8,0.455,9.9,27.0,0.365,15.2,21.6,0.706,10.6,33.0,43.6,21.2,13.4,7.2,5.7,4.9,20.5,18.7,103.2,1.1,2016-17,105.2,107.4,104.1,106.4,1.0,1.0,0.544,1.58,16.3,0.284,0.718,0.499,0.14,0.512,0.541,97.6,95.51,79.6,7875,0.5
1610612749,Milwaukee Bucks,82,42,40,0.512,48.2,38.8,81.9,0.474,8.8,23.7,0.37,17.2,22.4,0.768,8.8,31.6,40.4,24.2,14.0,8.1,5.3,4.6,20.2,19.3,103.6,-0.2,2016-17,106.9,108.5,106.4,108.7,0.5,-0.2,0.624,1.73,18.5,0.26,0.706,0.487,0.146,0.527,0.565,96.7,94.99,79.16,7828,0.504
1610612750,Minnesota Timberwolves,82,31,51,0.378,48.3,39.5,84.4,0.467,7.3,21.0,0.349,19.3,24.2,0.799,11.4,31.0,42.4,23.7,14.0,8.0,4.5,5.0,20.1,20.5,105.6,-1.1,2016-17,108.1,110.0,109.1,110.9,-1.0,-0.9,0.6,1.69,17.7,0.309,0.71,0.507,0.146,0.511,0.555,97.1,95.48,79.57,7870,0.501
1610612740,New Orleans Pelicans,82,34,48,0.415,48.5,39.1,87.0,0.45,9.4,26.8,0.35,16.7,22.3,0.75,8.6,35.1,43.7,22.8,12.9,7.8,5.5,4.2,18.2,19.3,104.3,-2.1,2016-17,103.3,104.7,104.9,106.8,-1.6,-2.1,0.582,1.77,17.1,0.228,0.728,0.48,0.129,0.504,0.539,100.1,98.56,82.13,8173,0.493
1610612752,New York Knicks,82,31,51,0.378,48.4,39.6,88.5,0.447,8.6,24.7,0.348,16.6,21.1,0.788,12.0,33.2,45.2,21.8,13.9,7.1,5.5,4.6,20.3,18.5,104.3,-3.7,2016-17,104.7,107.1,108.7,110.7,-4.1,-3.6,0.551,1.57,16.3,0.305,0.698,0.5,0.143,0.496,0.534,98.6,96.63,80.53,7990,0.482
1610612760,Oklahoma City Thunder,82,47,35,0.573,48.3,39.5,87.4,0.452,8.4,25.8,0.327,19.2,25.8,0.745,12.2,34.4,46.6,21.0,15.0,7.9,5.0,5.5,20.9,20.7,106.6,0.8,2016-17,105.0,107.9,105.1,107.1,-0.2,0.8,0.532,1.4,15.5,0.323,0.742,0.528,0.152,0.5,0.54,100.5,98.18,81.82,8099,0.499
1610612753,Orlando Magic,82,29,53,0.354,48.3,38.3,87.0,0.44,8.5,26.1,0.328,16.0,21.4,0.747,9.8,33.3,43.2,22.2,13.3,7.1,4.8,5.1,19.3,18.7,101.1,-6.6,2016-17,101.2,103.7,108.0,110.3,-6.8,-6.5,0.58,1.67,16.8,0.267,0.726,0.491,0.137,0.489,0.524,99.1,96.9,80.75,7989,0.46
1610612755,Philadelphia 76ers,82,28,54,0.341,48.4,37.7,85.3,0.442,10.1,29.8,0.34,17.0,22.0,0.771,9.8,33.0,42.8,23.8,16.7,8.4,5.1,5.4,21.9,19.6,102.4,-5.7,2016-17,100.7,102.7,106.4,108.2,-5.7,-5.5,0.631,1.43,17.4,0.273,0.709,0.49,0.167,0.501,0.539,101.0,99.07,82.56,8179,0.47
1610612756,Phoenix Suns,82,24,58,0.293,48.4,39.9,88.5,0.45,7.5,22.6,0.332,20.4,26.3,0.776,11.9,33.1,45.0,19.6,15.4,8.2,4.9,5.3,24.8,22.2,107.7,-5.6,2016-17,103.9,106.1,109.3,111.3,-5.4,-5.2,0.491,1.27,14.4,0.299,0.718,0.503,0.152,0.493,0.538,102.9,100.85,84.04,8320,0.462
1610612757,Portland Trail Blazers,82,41,41,0.5,48.6,39.5,86.1,0.459,10.4,27.7,0.375,18.5,23.7,0.78,10.1,33.5,43.7,21.1,13.7,7.0,5.0,5.3,21.2,19.8,107.9,-0.5,2016-17,107.8,109.4,107.8,110.0,0.0,-0.6,0.534,1.54,16.0,0.269,0.72,0.496,0.139,0.52,0.559,99.1,97.38,81.15,8088,0.493
1610612758,Sacramento Kings,82,32,50,0.39,48.5,37.9,82.1,0.461,9.0,23.9,0.376,18.1,23.3,0.775,8.7,32.3,41.1,22.5,14.6,7.6,4.0,5.1,20.3,20.1,102.8,-3.9,2016-17,104.6,106.6,109.1,110.8,-4.5,-4.2,0.594,1.54,17.3,0.258,0.723,0.492,0.152,0.516,0.556,97.1,95.42,79.52,7911,0.478
1610612759,San Antonio Spurs,82,61,21,0.744,48.3,39.3,83.7,0.469,9.2,23.5,0.391,17.6,22.0,0.797,10.0,33.9,43.9,23.8,13.4,8.0,5.9,4.1,18.3,19.8,105.3,7.2,2016-17,108.8,110.3,100.9,102.9,7.9,7.4,0.606,1.77,18.1,0.282,0.73,0.511,0.141,0.524,0.564,96.4,94.86,79.05,7832,0.551
1610612761,Toronto Raptors,82,51,31,0.622,48.2,39.2,84.4,0.464,8.8,24.3,0.363,19.7,24.7,0.796,10.6,32.6,43.3,18.5,12.7,8.3,4.9,4.8,20.8,20.3,106.9,4.2,2016-17,109.8,111.4,104.9,107.1,4.9,4.3,0.472,1.46,14.5,0.291,0.717,0.505,0.132,0.517,0.561,97.1,95.41,79.51,7867,0.516
1610612762,Utah Jazz,82,51,31,0.622,48.2,37.0,79.5,0.466,9.6,26.0,0.372,17.1,22.9,0.747,9.4,33.8,43.2,20.1,13.6,6.7,5.0,3.8,18.8,20.2,100.7,3.9,2016-17,107.4,109.0,102.7,104.7,4.7,4.3,0.544,1.48,16.2,0.27,0.743,0.514,0.148,0.526,0.563,93.6,92.09,76.75,7579,0.534
1610612764,Washington Wizards,82,49,33,0.598,48.4,41.3,87.0,0.475,9.2,24.8,0.372,17.3,22.1,0.784,10.3,32.6,42.9,23.9,14.2,8.5,4.1,4.6,21.3,19.8,109.2,1.8,2016-17,108.5,110.4,106.9,108.8,1.6,1.7,0.577,1.68,17.6,0.286,0.716,0.501,0.143,0.528,0.564,99.7,97.94,81.62,8109,0.511
1610612737,Atlanta Hawks,82,24,58,0.293,48.1,38.2,85.5,0.446,11.2,31.0,0.36,15.8,20.2,0.785,9.1,32.8,41.9,23.7,15.5,7.8,4.2,5.5,19.6,20.3,103.4,-5.5,2017-18,102.4,104.4,108.2,110.1,-5.8,-5.7,0.622,1.53,17.6,0.263,0.719,0.489,0.157,0.512,0.547,100.6,98.76,82.3,8114,0.468
1610612738,Boston Celtics,82,55,27,0.671,48.3,38.3,85.1,0.45,11.5,30.4,0.377,16.0,20.7,0.771,9.4,35.1,44.5,22.5,14.0,7.4,4.5,4.4,19.7,19.2,104.0,3.6,2017-18,105.3,106.8,101.5,103.2,3.7,3.6,0.586,1.6,17.0,0.263,0.739,0.504,0.144,0.518,0.552,98.2,96.75,80.63,7987,0.519
1610612751,Brooklyn Nets,82,28,54,0.341,48.4,38.2,86.8,0.441,12.7,35.7,0.356,17.4,22.6,0.772,9.7,34.8,44.4,23.7,15.2,6.2,4.8,5.5,20.6,19.7,106.6,-3.7,2017-18,104.3,106.1,108.5,109.7,-4.2,-3.6,0.619,1.56,17.3,0.251,0.731,0.489,0.151,0.514,0.551,101.1,99.66,83.05,8238,0.474
1610612766,Charlotte Hornets,82,36,46,0.439,48.2,39.0,86.7,0.45,10.0,27.2,0.369,20.2,27.0,0.747,10.1,35.4,45.5,21.6,12.7,6.8,4.5,4.9,17.2,22.4,108.2,0.3,2017-18,107.0,109.0,107.0,109.0,0.0,-0.1,0.554,1.7,16.1,0.271,0.763,0.512,0.128,0.508,0.549,100.5,98.66,82.21,8143,0.5
1610612741,Chicago Bulls,82,27,55,0.329,48.4,38.7,88.8,0.435,11.0,31.1,0.355,14.6,19.2,0.759,9.6,35.0,44.7,23.5,14.0,7.6,3.5,5.2,19.2,17.4,102.9,-7.0,2017-18,101.3,103.4,109.1,110.5,-7.8,-7.0,0.607,1.68,17.3,0.256,0.767,0.5,0.141,0.497,0.529,100.3,98.65,82.21,8160,0.453
1610612739,Cleveland Cavaliers,82,50,32,0.61,48.1,40.4,84.8,0.476,12.0,32.1,0.372,18.1,23.3,0.779,8.5,33.7,42.1,23.4,13.7,7.1,3.8,4.1,18.6,20.7,110.9,0.9,2017-18,110.6,112.0,109.5,111.1,1.0,1.0,0.579,1.7,17.5,0.243,0.73,0.492,0.139,0.547,0.584,100.1,98.72,82.27,8114,0.502
1610612742,Dallas Mavericks,82,24,58,0.293,48.3,38.1,85.9,0.444,11.8,32.8,0.36,14.2,18.7,0.763,8.1,33.1,41.3,22.7,12.3,7.0,3.8,4.5,19.2,19.6,102.3,-3.0,2017-18,104.1,105.4,107.4,108.4,-3.3,-2.9,0.594,1.85,17.3,0.224,0.749,0.478,0.127,0.513,0.544,97.5,96.53,80.44,7959,0.475
1610612743,Denver Nuggets,82,46,36,0.561,48.5,40.7,86.6,0.47,11.5,30.9,0.371,17.1,22.3,0.767,11.0,33.5,44.5,25.1,15.0,7.6,4.9,4.8,18.7,20.7,110.0,1.5,2017-18,109.6,111.4,108.8,110.0,0.8,1.4,0.617,1.68,18.2,0.3,0.736,0.517,0.151,0.536,0.57,99.1,97.69,81.41,8095,0.511
1610612765,Detroit Pistons,82,39,43,0.476,48.3,39.1,86.9,0.45,10.8,28.9,0.373,14.7,19.8,0.745,10.1,33.6,43.7,22.8,13.4,7.7,3.9,4.9,18.4,18.4,103.8,-0.1,2017-18,104.9,106.6,104.8,106.7,0.0,-0.1,0.582,1.7,17.1,0.269,0.74,0.499,0.138,0.512,0.543,98.4,96.75,80.62,7981,0.489
1610612744,Golden State Warriors,82,58,24,0.707,48.1,42.8,85.1,0.503,11.3,28.9,0.391,16.6,20.3,0.815,8.4,35.1,43.5,29.3,15.4,8.0,7.5,3.7,19.6,18.5,113.5,6.0,2017-18,112.3,112.8,104.2,106.8,8.1,5.9,0.685,1.9,20.9,0.243,0.712,0.497,0.153,0.569,0.603,101.8,100.35,83.63,8251,0.554
1610612745,Houston Rockets,82,65,17,0.793,48.2,38.7,84.2,0.46,15.3,42.3,0.362,19.6,25.1,0.781,9.0,34.5,43.5,21.5,13.8,8.5,4.8,4.4,19.5,20.4,112.4,8.5,2017-18,112.2,114.1,103.8,105.7,8.5,8.4,0.557,1.56,16.4,0.254,0.75,0.503,0.141,0.551,0.59,99.7,98.02,81.69,8078,0.531
1610612754,Indiana Pacers,82,48,34,0.585,48.2,40.8,86.4,0.472,9.0,24.5,0.369,14.9,19.2,0.779,9.6,32.7,42.3,22.2,13.3,8.8,4.1,5.2,18.8,18.5,105.6,1.4,2017-18,107.2,108.5,105.6,107.3,1.6,1.3,0.544,1.67,16.8,0.271,0.721,0.496,0.136,0.525,0.557,98.2,96.84,80.7,7977,0.509
1610612746,LA Clippers,82,42,40,0.512,48.1,40.3,85.4,0.471,9.5,26.8,0.354,19.0,25.5,0.743,10.1,33.7,43.9,22.3,14.7,7.7,4.5,5.6,20.0,22.0,109.0,0.0,2017-18,107.7,109.4,107.7,109.2,0.0,0.2,0.555,1.52,16.5,0.284,0.718,0.504,0.147,0.527,0.564,101.1,99.54,82.95,8167,0.497
1610612747,Los Angeles Lakers,82,35,47,0.427,48.5,40.7,88.4,0.461,10.0,29.1,0.345,16.6,23.3,0.714,10.7,35.7,46.4,23.8,15.8,7.7,4.7,5.5,21.2,20.5,108.1,-1.5,2017-18,104.2,106.0,105.6,107.3,-1.4,-1.3,0.584,1.51,17.0,0.279,0.729,0.505,0.155,0.517,0.548,102.6,100.9,84.08,8361,0.491
1610612763,Memphis Grizzlies,82,22,60,0.268,48.1,36.7,82.8,0.444,9.2,26.2,0.352,16.6,21.1,0.786,9.5,31.0,40.5,21.5,15.0,7.5,4.8,5.1,23.2,20.4,99.3,-6.2,2017-18,101.8,103.6,108.4,110.4,-6.6,-6.8,0.586,1.44,16.6,0.276,0.721,0.493,0.156,0.5,0.539,97.3,95.65,79.71,7865,0.46
1610612748,Miami Heat,82,44,38,0.537,48.6,38.8,85.3,0.455,11.0,30.6,0.36,14.7,19.5,0.755,9.3,34.2,43.5,22.7,14.4,7.6,5.3,4.6,20.1,19.4,103.4,0.5,2017-18,104.5,106.2,104.0,105.8,0.5,0.4,0.585,1.58,17.1,0.261,0.741,0.501,0.148,0.52,0.551,97.8,96.1,80.08,7985,0.505
1610612749,Milwaukee Bucks,82,44,38,0.537,48.4,39.7,83.0,0.478,8.8,24.7,0.355,18.3,23.4,0.783,8.4,31.5,39.8,23.2,13.8,8.8,5.4,4.5,21.4,19.9,106.5,-0.3,2017-18,107.8,109.0,107.1,109.1,0.7,-0.2,0.585,1.68,17.7,0.244,0.709,0.48,0.142,0.531,0.571,98.5,97.03,80.86,8013,0.502
1610612750,Minnesota Timberwolves,82,47,35,0.573,48.3,41.0,86.1,0.476,8.0,22.5,0.357,19.4,24.1,0.804,10.3,31.6,42.0,22.7,12.5,8.4,4.2,4.7,18.2,20.9,109.5,2.2,2017-18,110.8,112.5,108.4,110.2,2.4,2.3,0.553,1.82,17.0,0.289,0.72,0.503,0.128,0.523,0.566,98.3,96.75,80.62,7985,0.518
1610612740,New Orleans Pelicans,82,48,34,0.585,48.7,42.7,88.3,0.483,10.2,28.2,0.362,16.1,20.9,0.772,8.7,35.6,44.3,26.8,14.9,8.0,5.9,4.2,19.1,20.4,111.7,1.3,2017-18,107.7,108.5,105.6,107.4,2.1,1.1,0.627,1.79,19.0,0.24,0.726,0.494,0.145,0.541,0.573,102.7,101.48,84.57,8443,0.525
1610612752,New York Knicks,82,29,53,0.354,48.4,40.7,87.7,0.464,8.2,23.3,0.352,14.9,19.0,0.787,10.5,33.6,44.0,23.3,14.7,6.7,5.1,4.7,20.5,18.4,104.5,-3.6,2017-18,104.1,106.3,108.4,109.7,-4.3,-3.4,0.573,1.58,17.2,0.289,0.727,0.509,0.15,0.51,0.544,99.2,97.64,81.37,8059,0.481
1610612760,Oklahoma City Thunder,82,48,34,0.585,48.4,39.9,88.1,0.453,10.7,30.4,0.354,17.3,24.2,0.716,12.5,32.6,45.1,21.3,14.0,9.1,5.0,4.6,20.2,21.3,107.9,3.4,2017-18,107.6,110.1,104.7,106.4,2.9,3.7,0.535,1.53,15.8,0.32,0.725,0.515,0.143,0.514,0.546,99.2,97.34,81.11,8036,0.508
1610612753,Orlando Magic,82,25,57,0.305,48.1,38.8,85.9,0.452,10.3,29.3,0.351,15.5,20.5,0.757,8.8,32.8,41.6,23.4,14.5,7.6,4.9,4.9,19.3,19.0,103.4,-4.8,2017-18,102.8,104.7,107.7,109.4,-4.9,-4.7,0.604,1.61,17.5,0.248,0.714,0.48,0.147,0.512,0.545,100.3,98.58,82.15,8096,0.472
1610612755,Philadelphia 76ers,82,52,30,0.634,48.2,40.8,86.6,0.472,11.0,29.8,0.369,17.1,22.8,0.752,10.9,36.5,47.4,27.1,16.5,8.3,5.1,5.1,22.1,20.4,109.8,4.5,2017-18,107.4,108.5,102.0,103.9,5.4,4.6,0.663,1.64,19.1,0.286,0.736,0.52,0.163,0.535,0.568,102.2,100.75,83.96,8299,0.542
1610612756,Phoenix Suns,82,21,61,0.256,48.1,38.5,87.1,0.442,9.3,27.9,0.334,17.7,23.9,0.741,10.3,33.9,44.1,21.3,15.7,6.9,4.5,6.0,22.0,20.9,103.9,-9.4,2017-18,100.8,102.8,110.6,111.7,-9.7,-9.0,0.553,1.35,15.6,0.271,0.724,0.493,0.155,0.495,0.532,102.6,101.14,84.28,8293,0.442
1610612757,Portland Trail Blazers,82,49,33,0.598,48.2,39.3,87.0,0.452,10.3,28.1,0.366,16.7,20.9,0.8,10.2,35.3,45.5,19.5,13.5,7.0,5.2,5.1,19.5,19.1,105.6,2.6,2017-18,106.1,108.4,104.2,105.7,1.9,2.7,0.496,1.44,15.0,0.279,0.746,0.513,0.139,0.511,0.549,98.8,97.11,80.93,7992,0.51
1610612758,Sacramento Kings,82,27,55,0.329,48.2,38.8,86.1,0.45,9.0,24.0,0.375,12.3,16.7,0.735,9.5,31.4,40.9,21.6,13.7,7.8,4.1,4.7,20.0,17.3,98.8,-7.0,2017-18,101.1,103.1,109.0,110.4,-7.9,-7.3,0.556,1.57,16.6,0.264,0.731,0.489,0.143,0.502,0.529,97.1,95.5,79.58,7860,0.451
1610612759,San Antonio Spurs,82,47,35,0.573,48.1,39.0,85.4,0.457,8.5,24.1,0.352,16.1,20.9,0.772,10.4,33.9,44.2,22.8,13.1,7.7,5.6,3.9,17.2,19.7,102.7,2.9,2017-18,105.5,107.1,102.4,104.1,3.1,3.0,0.583,1.73,17.3,0.277,0.741,0.508,0.137,0.507,0.543,97.2,95.7,79.75,7867,0.525
1610612761,Toronto Raptors,82,59,23,0.72,48.4,41.3,87.4,0.472,11.8,33.0,0.358,17.3,21.8,0.794,9.8,34.2,44.0,24.3,13.4,7.6,6.1,4.9,21.7,19.9,111.7,7.8,2017-18,111.0,113.0,103.4,105.3,7.6,7.7,0.59,1.82,17.9,0.274,0.725,0.502,0.135,0.539,0.575,99.8,98.02,81.68,8104,0.538
1610612762,Utah Jazz,82,48,34,0.585,48.2,38.3,82.9,0.462,10.8,29.6,0.366,16.8,21.5,0.779,9.0,34.2,43.3,22.4,14.7,8.6,5.1,4.6,19.6,20.5,104.1,4.3,2017-18,106.2,107.4,101.6,103.0,4.6,4.4,0.586,1.53,17.1,0.256,0.756,0.509,0.152,0.527,0.564,97.8,96.58,80.48,7951,0.532
1610612764,Washington Wizards,82,43,39,0.524,48.4,39.9,85.6,0.467,9.9,26.5,0.375,16.8,21.8,0.772,10.0,33.1,43.1,25.2,14.6,7.9,4.3,4.7,21.3,20.0,106.6,0.6,2017-18,106.9,108.1,106.2,107.7,0.7,0.4,0.631,1.73,18.4,0.274,0.732,0.504,0.148,0.525,0.56,98.9,97.67,81.39,8087,0.509
1610612737,Atlanta Hawks,82,29,53,0.354,48.4,41.4,91.8,0.451,13.0,37.0,0.352,17.6,23.4,0.752,11.6,34.5,46.1,25.8,17.0,8.2,5.1,5.5,23.6,22.2,113.3,-6.0,2018-19,105.5,107.5,111.2,113.1,-5.7,-5.5,0.624,1.52,17.7,0.284,0.718,0.496,0.162,0.522,0.555,106.4,104.56,87.13,8642,0.464
1610612738,Boston Celtics,82,49,33,0.598,48.2,42.1,90.5,0.465,12.6,34.5,0.365,15.6,19.5,0.802,9.8,34.7,44.5,26.3,12.8,8.6,5.3,3.9,20.4,19.5,112.4,4.4,2018-19,110.1,111.3,104.9,107.0,5.1,4.3,0.624,2.05,18.8,0.257,0.728,0.495,0.127,0.534,0.567,102.0,100.43,83.69,8282,0.53
1610612751,Brooklyn Nets,82,42,40,0.512,48.7,40.3,89.7,0.449,12.8,36.2,0.353,19.0,25.5,0.745,11.0,35.6,46.6,23.8,15.1,6.6,4.1,5.3,21.5,22.0,112.2,-0.1,2018-19,106.9,108.9,107.0,109.0,-0.1,-0.1,0.592,1.58,16.9,0.282,0.72,0.501,0.146,0.52,0.556,103.4,101.52,84.6,8452,0.492
1610612766,Charlotte Hornets,82,39,43,0.476,48.4,40.2,89.8,0.448,11.9,33.9,0.351,18.4,23.1,0.797,9.9,33.9,43.8,23.2,12.2,7.2,4.9,6.0,18.9,20.6,110.7,-1.1,2018-19,108.3,110.7,110.2,112.0,-1.8,-1.3,0.578,1.9,17.0,0.268,0.731,0.495,0.122,0.514,0.554,101.1,99.18,82.65,8202,0.486
1610612741,Chicago Bulls,82,22,60,0.268,48.5,39.8,87.9,0.453,9.1,25.9,0.351,16.2,20.7,0.783,8.8,34.1,42.9,21.9,14.1,7.4,4.3,5.8,20.3,18.7,104.9,-8.4,2018-19,102.5,104.5,110.9,112.8,-8.4,-8.3,0.55,1.55,16.3,0.242,0.727,0.483,0.141,0.505,0.541,101.1,99.3,82.75,8232,0.453
1610612739,Cleveland Cavaliers,82,19,63,0.232,48.2,38.9,87.6,0.444,10.3,29.1,0.355,16.4,20.7,0.792,10.7,31.9,42.7,20.7,13.5,6.5,2.4,5.6,20.0,19.4,104.5,-9.6,2018-19,105.0,106.8,115.1,116.8,-10.1,-10.0,0.532,1.54,15.6,0.282,0.732,0.496,0.138,0.503,0.54,98.9,97.37,81.14,8021,0.436
1610612742,Dallas Mavericks,82,33,49,0.402,48.2,38.8,86.9,0.447,12.5,36.6,0.34,18.8,25.3,0.742,10.1,35.2,45.3,23.4,14.2,6.5,4.3,4.5,20.1,23.2,108.9,-1.3,2018-19,106.6,108.7,108.3,110.1,-1.7,-1.5,0.603,1.64,17.0,0.273,0.734,0.503,0.142,0.519,0.555,101.4,99.6,83.0,8216,0.492
1610612743,Denver Nuggets,82,54,28,0.659,48.1,41.9,90.0,0.466,11.0,31.4,0.351,15.8,20.9,0.755,11.9,34.5,46.4,27.4,13.4,7.7,4.4,5.0,20.0,20.4,110.7,4.0,2018-19,109.8,112.1,106.8,108.1,3.0,4.0,0.653,2.04,19.3,0.308,0.744,0.524,0.136,0.527,0.558,100.1,98.49,82.08,8096,0.524
1610612765,Detroit Pistons,82,41,41,0.5,48.4,38.8,88.3,0.44,12.1,34.8,0.348,17.3,23.1,0.747,11.4,33.6,45.0,22.5,13.8,6.9,4.0,5.1,22.1,21.3,107.0,-0.2,2018-19,106.1,108.4,106.9,108.7,-0.7,-0.3,0.579,1.63,16.5,0.291,0.745,0.509,0.14,0.509,0.544,99.7,97.88,81.57,8101,0.482
1610612744,Golden State Warriors,82,57,25,0.695,48.3,44.0,89.8,0.491,13.3,34.4,0.385,16.3,20.4,0.801,9.7,36.5,46.2,29.4,14.3,7.6,6.4,3.6,21.4,19.5,117.7,6.5,2018-19,113.9,115.0,106.5,108.6,7.5,6.5,0.668,2.06,20.4,0.257,0.727,0.505,0.139,0.565,0.596,103.2,101.74,84.78,8390,0.546
1610612745,Houston Rockets,82,53,29,0.646,48.4,39.2,87.4,0.449,16.1,45.4,0.356,19.3,24.4,0.791,10.2,31.9,42.1,21.2,13.3,8.5,4.9,4.5,22.0,20.0,113.9,4.8,2018-19,112.5,114.9,107.9,110.1,4.6,4.8,0.541,1.59,15.9,0.269,0.7,0.481,0.135,0.542,0.581,100.4,98.39,81.99,8130,0.498
1610612754,Indiana Pacers,82,48,34,0.585,48.1,41.3,87.0,0.475,9.5,25.4,0.374,15.8,21.1,0.752,9.3,33.7,43.0,26.0,13.7,8.7,4.9,5.2,19.4,20.0,108.0,3.3,2018-19,107.3,109.4,104.2,106.0,3.1,3.4,0.628,1.9,18.9,0.269,0.722,0.499,0.139,0.53,0.561,100.4,98.64,82.2,8097,0.527
1610612746,LA Clippers,82,48,34,0.585,48.4,41.3,87.5,0.471,10.0,25.8,0.388,22.6,28.5,0.792,9.7,35.8,45.5,24.0,14.5,6.8,4.7,6.1,23.3,24.0,115.1,0.9,2018-19,109.7,111.4,109.0,110.4,0.7,1.0,0.582,1.65,17.1,0.263,0.722,0.5,0.141,0.529,0.575,104.1,102.66,85.55,8475,0.505
1610612747,Los Angeles Lakers,82,37,45,0.451,48.2,42.6,90.5,0.47,10.3,31.0,0.333,16.3,23.3,0.699,10.2,36.4,46.6,25.6,15.7,7.5,5.4,5.1,20.7,20.8,111.8,-1.7,2018-19,105.2,107.4,107.3,108.9,-2.1,-1.6,0.6,1.63,17.8,0.27,0.725,0.502,0.15,0.527,0.554,105.5,103.6,86.33,8534,0.495
1610612763,Memphis Grizzlies,82,33,49,0.402,48.5,38.0,84.4,0.45,9.9,28.9,0.342,17.7,23.0,0.772,8.8,33.0,41.8,23.9,14.0,8.3,5.5,4.9,22.0,21.4,103.5,-2.6,2018-19,103.8,105.6,106.2,108.0,-2.4,-2.4,0.631,1.71,17.9,0.247,0.724,0.484,0.143,0.508,0.548,98.8,97.15,80.96,8038,0.49
1610612748,Miami Heat,82,39,43,0.476,48.1,39.6,88.0,0.45,11.3,32.4,0.349,15.1,21.7,0.695,11.2,35.1,46.3,24.3,14.7,7.6,5.5,4.7,20.9,20.1,105.7,-0.2,2018-19,104.6,106.7,105.1,107.1,-0.6,-0.4,0.612,1.65,17.6,0.291,0.731,0.509,0.149,0.515,0.542,100.7,98.73,82.28,8122,0.501
1610612749,Milwaukee Bucks,82,60,22,0.732,48.2,43.4,91.1,0.476,13.5,38.2,0.353,17.9,23.2,0.773,9.3,40.4,49.7,26.0,13.9,7.5,5.9,4.8,19.6,20.2,118.1,8.9,2018-19,111.5,113.5,103.0,104.9,8.5,8.6,0.601,1.88,18.3,0.25,0.757,0.516,0.133,0.55,0.583,105.4,103.57,86.31,8533,0.553
1610612750,Minnesota Timberwolves,82,36,46,0.439,48.4,41.6,91.3,0.456,10.1,28.7,0.351,19.1,24.3,0.787,11.3,33.5,44.8,24.6,13.1,8.3,5.0,5.5,20.3,21.9,112.5,-1.5,2018-19,108.4,110.6,110.2,112.2,-1.9,-1.6,0.591,1.88,17.4,0.292,0.709,0.497,0.129,0.511,0.552,102.8,100.88,84.07,8341,0.498
1610612740,New Orleans Pelicans,82,33,49,0.402,48.2,43.7,92.2,0.473,10.3,29.9,0.344,17.8,23.4,0.761,11.1,36.2,47.3,27.0,14.8,7.4,5.4,5.4,21.1,21.0,115.4,-1.3,2018-19,108.6,110.7,110.4,112.0,-1.8,-1.3,0.619,1.82,18.6,0.285,0.729,0.509,0.142,0.529,0.563,105.6,103.89,86.58,8553,0.498
1610612752,New York Knicks,82,17,65,0.207,48.2,38.2,88.3,0.433,10.0,29.5,0.34,18.1,23.9,0.759,10.5,34.3,44.7,20.1,14.0,6.8,5.1,5.6,20.9,20.8,104.6,-9.2,2018-19,102.1,104.0,110.9,112.9,-8.8,-8.9,0.525,1.43,14.9,0.264,0.717,0.486,0.14,0.49,0.529,102.0,100.16,83.46,8244,0.442
1610612760,Oklahoma City Thunder,82,49,33,0.598,48.4,42.6,94.0,0.454,11.4,32.6,0.348,17.8,25.0,0.713,12.6,35.5,48.1,23.4,14.0,9.3,5.2,5.1,22.4,22.5,114.5,3.4,2018-19,107.6,109.8,104.7,106.5,2.9,3.4,0.548,1.67,16.3,0.298,0.738,0.509,0.134,0.514,0.545,105.3,103.38,86.15,8549,0.506
1610612753,Orlando Magic,82,42,40,0.512,48.2,40.4,89.1,0.454,11.4,32.1,0.356,15.0,19.2,0.782,10.0,35.4,45.4,25.5,13.2,6.6,5.4,4.4,18.6,18.7,107.3,0.7,2018-19,106.5,108.2,105.8,107.6,0.8,0.6,0.632,1.94,18.6,0.259,0.754,0.504,0.133,0.518,0.55,100.3,98.65,82.21,8133,0.508
1610612755,Philadelphia 76ers,82,51,31,0.622,48.3,41.5,88.2,0.471,10.8,30.2,0.359,21.2,27.5,0.771,10.9,36.9,47.8,26.9,14.9,7.4,5.3,4.1,21.3,22.1,115.2,2.7,2018-19,110.4,111.6,107.1,109.0,3.3,2.6,0.648,1.8,18.7,0.278,0.741,0.517,0.144,0.532,0.574,104.0,102.59,85.49,8467,0.529
1610612756,Phoenix Suns,82,19,63,0.232,48.5,40.1,87.4,0.459,9.6,29.3,0.329,17.6,22.7,0.779,9.1,31.3,40.4,23.9,15.6,9.0,5.1,5.0,23.6,20.7,107.5,-9.3,2018-19,103.6,105.3,112.2,114.2,-8.6,-8.9,0.595,1.53,17.3,0.247,0.683,0.464,0.153,0.514,0.552,102.9,101.15,84.3,8371,0.45
1610612757,Portland Trail Blazers,82,53,29,0.646,48.4,42.3,90.6,0.467,11.0,30.7,0.359,19.0,23.3,0.814,11.8,36.2,48.0,23.0,13.8,6.7,5.0,5.1,20.4,20.7,114.7,4.2,2018-19,111.4,113.7,108.1,109.5,3.3,4.2,0.544,1.66,16.6,0.308,0.739,0.526,0.137,0.528,0.568,101.6,99.96,83.3,8269,0.521
1610612758,Sacramento Kings,82,39,43,0.476,48.1,43.2,93.1,0.464,11.3,29.9,0.378,16.5,22.7,0.726,11.0,34.4,45.4,25.4,13.4,8.3,4.4,5.1,21.4,21.4,114.2,-1.1,2018-19,108.3,109.6,108.7,110.8,-0.4,-1.2,0.588,1.9,17.7,0.268,0.713,0.487,0.128,0.524,0.554,105.5,103.88,86.56,8545,0.495
1610612759,San Antonio Spurs,82,48,34,0.585,48.3,42.3,88.4,0.478,9.9,25.3,0.392,17.2,21.0,0.819,9.2,35.5,44.7,24.5,12.1,6.1,4.7,4.0,18.1,19.6,111.7,1.7,2018-19,111.1,112.2,108.3,110.6,2.8,1.6,0.58,2.03,18.1,0.246,0.744,0.501,0.122,0.534,0.572,100.4,98.88,82.4,8162,0.516
1610612761,Toronto Raptors,82,58,24,0.707,48.5,42.2,89.1,0.474,12.4,33.8,0.366,17.7,22.0,0.804,9.6,35.6,45.2,25.4,14.0,8.3,5.3,4.5,21.0,20.5,114.4,6.1,2018-19,110.9,112.6,104.3,106.8,6.5,5.8,0.603,1.81,18.2,0.265,0.726,0.502,0.138,0.543,0.579,102.5,100.51,83.76,8334,0.533
1610612762,Utah Jazz,82,50,32,0.61,48.2,40.4,86.4,0.468,12.1,34.0,0.356,18.8,25.5,0.736,10.0,36.4,46.4,26.0,15.1,8.1,5.9,4.6,21.1,22.4,111.7,5.3,2018-19,108.8,110.3,103.2,105.3,5.5,5.0,0.644,1.72,18.5,0.275,0.759,0.522,0.149,0.538,0.572,102.5,100.84,84.03,8308,0.539
1610612764,Washington Wizards,82,32,50,0.39,48.6,42.1,90.1,0.468,11.3,33.3,0.341,18.4,23.9,0.768,9.7,32.7,42.4,26.3,14.1,8.3,4.6,4.6,20.7,21.2,114.0,-2.9,2018-19,108.6,110.2,111.3,112.9,-2.7,-2.7,0.623,1.87,18.4,0.252,0.706,0.477,0.136,0.531,0.567,103.7,102.23,85.19,8486,0.487
1610612737,Atlanta Hawks,67,20,47,0.299,48.6,40.6,90.6,0.449,12.0,36.1,0.333,18.5,23.4,0.79,9.9,33.4,43.3,24.0,16.2,7.8,5.1,6.4,23.1,21.0,111.8,-8.0,2019-20,104.3,107.0,112.3,114.4,-8.0,-7.4,0.589,1.48,16.9,0.267,0.708,0.484,0.155,0.515,0.554,105.6,103.28,86.06,6999,0.454
1610612738,Boston Celtics,72,48,24,0.667,48.4,41.3,89.6,0.461,12.6,34.5,0.364,18.6,23.2,0.801,10.7,35.4,46.1,23.0,13.8,8.3,5.6,5.5,21.6,20.7,113.7,6.3,2019-20,110.4,112.8,104.5,106.5,6.0,6.3,0.557,1.66,16.7,0.283,0.731,0.509,0.137,0.531,0.57,101.9,99.92,83.27,7255,0.531
1610612751,Brooklyn Nets,72,35,37,0.486,48.6,40.4,90.3,0.448,13.1,38.1,0.343,17.9,24.1,0.745,10.6,37.3,47.9,24.5,15.3,6.4,4.5,5.3,21.0,21.1,111.8,-0.6,2019-20,106.0,108.7,107.1,109.2,-1.1,-0.5,0.606,1.6,17.3,0.28,0.736,0.511,0.148,0.52,0.554,104.0,101.7,84.75,7404,0.5
1610612766,Charlotte Hornets,65,23,42,0.354,48.5,37.3,85.9,0.434,12.1,34.3,0.352,16.2,21.6,0.748,11.0,31.8,42.8,23.8,14.6,6.6,4.1,5.0,18.8,20.6,102.9,-6.8,2019-20,103.9,105.9,110.6,112.8,-6.8,-7.0,0.639,1.63,17.7,0.28,0.706,0.486,0.15,0.504,0.539,98.1,96.24,80.2,6317,0.455
1610612741,Chicago Bulls,65,22,43,0.338,48.2,39.6,88.6,0.447,12.2,35.1,0.348,15.5,20.5,0.755,10.5,31.4,41.9,23.2,15.5,10.0,4.1,5.9,21.8,19.2,106.8,-3.1,2019-20,104.1,105.8,107.7,108.9,-3.6,-3.1,0.587,1.5,16.9,0.267,0.719,0.481,0.153,0.515,0.547,101.9,100.46,83.71,6563,0.466
1610612739,Cleveland Cavaliers,65,19,46,0.292,48.4,40.3,87.9,0.458,11.2,31.8,0.351,15.1,19.9,0.758,10.8,33.4,44.2,23.1,16.5,6.9,3.2,6.3,18.3,19.6,106.9,-7.9,2019-20,104.4,106.9,113.6,114.8,-9.2,-7.9,0.573,1.4,16.8,0.296,0.738,0.512,0.165,0.522,0.553,100.9,99.17,82.65,6497,0.453
1610612742,Dallas Mavericks,75,43,32,0.573,48.5,41.7,90.3,0.461,15.1,41.3,0.367,18.6,23.8,0.779,10.5,36.4,46.9,24.7,12.7,6.1,4.8,4.1,19.5,21.3,117.0,4.9,2019-20,113.7,115.9,109.5,111.2,4.2,4.8,0.592,1.94,17.7,0.275,0.74,0.509,0.126,0.545,0.581,101.7,99.89,83.24,7569,0.521
1610612743,Denver Nuggets,73,46,27,0.63,48.6,42.0,88.9,0.473,11.0,30.6,0.359,16.2,20.9,0.777,10.8,33.4,44.1,26.7,13.8,8.0,4.6,4.4,20.3,20.5,111.3,2.1,2019-20,110.1,112.6,108.6,110.4,1.5,2.2,0.636,1.94,19.1,0.294,0.725,0.509,0.139,0.535,0.567,99.5,97.64,81.37,7217,0.517
1610612765,Detroit Pistons,66,20,46,0.303,48.4,39.3,85.7,0.459,12.0,32.7,0.367,16.6,22.4,0.743,9.8,32.0,41.7,24.1,15.3,7.4,4.5,5.6,19.7,19.8,107.2,-3.6,2019-20,106.1,108.8,110.4,112.3,-4.3,-3.5,0.612,1.58,17.7,0.277,0.717,0.493,0.155,0.529,0.561,99.9,97.86,81.55,6507,0.473
1610612744,Golden State Warriors,65,15,50,0.231,48.4,38.6,88.2,0.438,10.4,31.3,0.334,18.7,23.2,0.803,10.0,32.9,42.8,25.6,14.9,8.2,4.6,4.9,20.1,20.1,106.3,-8.7,2019-20,102.9,104.4,110.9,113.0,-8.0,-8.6,0.663,1.72,18.2,0.255,0.722,0.481,0.146,0.497,0.54,102.7,101.04,84.2,6623,0.462
1610612745,Houston Rockets,72,44,28,0.611,48.3,40.8,90.4,0.451,15.6,45.3,0.345,20.6,26.1,0.791,9.8,34.5,44.3,21.6,14.7,8.7,5.2,4.9,21.8,21.0,117.8,3.0,2019-20,110.3,112.5,107.4,109.8,2.9,2.7,0.53,1.47,15.5,0.249,0.713,0.48,0.14,0.537,0.578,106.3,104.04,86.7,7539,0.494
1610612754,Indiana Pacers,73,45,28,0.616,48.3,42.1,88.5,0.476,10.2,28.0,0.363,15.0,19.1,0.787,8.7,34.1,42.8,25.9,13.2,7.4,5.2,4.6,19.8,18.8,109.4,2.0,2019-20,107.9,109.5,105.1,107.5,2.9,1.9,0.614,1.95,18.9,0.243,0.718,0.487,0.132,0.534,0.565,101.3,99.41,82.84,7299,0.52
1610612746,LA Clippers,72,49,23,0.681,48.3,41.6,89.2,0.466,12.4,33.5,0.371,20.8,26.3,0.791,10.7,37.0,47.7,23.7,14.6,7.1,4.7,4.7,22.1,22.9,116.3,6.4,2019-20,111.1,113.3,105.3,106.9,5.7,6.3,0.571,1.63,16.9,0.278,0.737,0.515,0.142,0.535,0.577,103.9,102.16,85.13,7396,0.532
1610612747,Los Angeles Lakers,71,52,19,0.732,48.1,42.3,88.3,0.48,11.0,31.6,0.349,17.7,24.3,0.729,10.7,35.1,45.7,25.4,15.2,8.6,6.6,3.7,20.7,21.7,113.4,5.8,2019-20,109.6,111.7,103.8,106.1,5.8,5.6,0.6,1.67,18.0,0.283,0.737,0.512,0.149,0.542,0.573,103.3,101.2,84.33,7211,0.539
1610612763,Memphis Grizzlies,73,34,39,0.466,48.1,42.5,90.9,0.468,10.9,31.5,0.347,16.6,21.8,0.763,10.3,36.2,46.5,26.9,15.2,7.9,5.5,5.3,21.2,20.2,112.6,-1.1,2019-20,106.9,108.7,107.5,109.7,-0.6,-1.0,0.633,1.77,18.7,0.271,0.733,0.506,0.147,0.528,0.561,105.3,103.31,86.1,7562,0.507
1610612748,Miami Heat,73,44,29,0.603,48.6,39.5,84.4,0.468,13.4,35.4,0.379,19.7,25.2,0.783,8.5,35.9,44.4,25.9,14.9,7.5,4.5,4.1,20.6,21.7,112.0,2.9,2019-20,110.0,111.9,107.2,109.3,2.8,2.7,0.657,1.74,18.8,0.257,0.753,0.512,0.149,0.547,0.587,100.5,98.7,82.25,7306,0.525
1610612749,Milwaukee Bucks,73,56,17,0.767,48.2,43.3,90.9,0.476,13.8,38.9,0.355,18.3,24.7,0.742,9.5,42.2,51.7,25.9,15.1,7.2,5.9,4.5,19.6,21.7,118.7,10.1,2019-20,110.5,111.9,100.6,102.5,9.9,9.4,0.598,1.71,18.0,0.241,0.775,0.524,0.142,0.552,0.583,107.2,105.51,87.93,7739,0.562
1610612750,Minnesota Timberwolves,64,19,45,0.297,48.6,40.4,91.6,0.441,13.3,39.7,0.336,19.1,25.4,0.753,10.5,34.3,44.8,23.8,15.3,8.7,5.7,5.5,21.4,21.6,113.3,-4.3,2019-20,105.3,107.6,110.0,111.6,-4.7,-4.0,0.59,1.55,16.7,0.264,0.731,0.488,0.146,0.514,0.551,105.9,103.94,86.62,6736,0.472
1610612740,New Orleans Pelicans,72,30,42,0.417,48.4,42.6,91.6,0.465,13.6,36.9,0.37,17.1,23.4,0.729,11.1,35.4,46.5,26.8,16.4,7.5,5.0,4.8,21.2,21.1,115.8,-1.3,2019-20,108.0,110.5,109.4,111.8,-1.4,-1.3,0.63,1.64,18.4,0.287,0.729,0.508,0.156,0.539,0.568,106.3,103.89,86.57,7548,0.495
1610612752,New York Knicks,66,21,45,0.318,48.4,40.0,89.3,0.447,9.6,28.4,0.337,16.3,23.5,0.694,12.0,34.5,46.5,22.1,14.3,7.6,4.7,5.0,22.2,19.8,105.8,-6.5,2019-20,103.8,105.9,110.6,112.4,-6.8,-6.5,0.552,1.54,16.0,0.3,0.742,0.513,0.143,0.501,0.531,100.9,99.11,82.59,6594,0.461
1610612760,Oklahoma City Thunder,72,44,28,0.611,48.4,40.0,85.5,0.468,10.7,30.2,0.355,19.8,24.8,0.796,8.2,34.7,42.9,21.7,13.7,7.6,4.9,4.0,19.3,22.8,110.4,2.0,2019-20,108.4,110.1,106.3,108.1,2.1,2.1,0.543,1.58,16.3,0.241,0.728,0.492,0.137,0.53,0.573,101.1,99.42,82.85,7218,0.519
1610612753,Orlando Magic,73,33,40,0.452,48.1,39.3,88.6,0.444,11.1,32.2,0.343,17.6,22.7,0.774,10.3,34.2,44.5,23.9,12.8,8.2,5.4,4.6,18.3,19.5,107.3,-1.0,2019-20,106.1,107.9,107.1,109.2,-1.0,-1.3,0.608,1.86,17.5,0.267,0.749,0.5,0.129,0.506,0.544,100.9,98.99,82.49,7255,0.496
1610612755,Philadelphia 76ers,73,43,30,0.589,48.2,41.1,87.9,0.468,11.6,31.6,0.368,16.9,22.4,0.755,10.5,35.0,45.4,25.8,14.2,8.0,5.3,4.0,20.9,20.5,110.7,2.4,2019-20,109.1,110.7,106.3,108.4,2.8,2.3,0.628,1.82,18.5,0.281,0.753,0.516,0.142,0.534,0.566,101.3,99.59,82.99,7304,0.523
1610612756,Phoenix Suns,73,34,39,0.466,48.2,41.2,88.1,0.468,11.4,31.8,0.358,19.9,23.8,0.834,9.8,33.8,43.5,27.2,14.8,7.7,4.0,5.5,22.0,22.6,113.6,0.2,2019-20,109.7,111.3,108.4,110.8,1.4,0.5,0.661,1.84,19.2,0.261,0.734,0.498,0.145,0.532,0.576,103.7,101.74,84.79,7449,0.512
1610612757,Portland Trail Blazers,74,35,39,0.473,48.2,42.2,91.2,0.463,12.9,34.1,0.377,17.7,22.1,0.804,10.2,35.1,45.3,20.6,12.8,6.3,6.1,4.9,21.7,20.1,115.0,-1.1,2019-20,111.1,113.2,111.8,114.3,-0.7,-1.1,0.488,1.61,15.2,0.266,0.712,0.492,0.126,0.533,0.57,103.2,101.17,84.31,7519,0.486
1610612758,Sacramento Kings,72,31,41,0.431,48.5,40.9,88.4,0.462,12.7,34.9,0.364,15.7,20.3,0.77,9.7,32.9,42.6,23.8,14.5,7.7,4.1,4.2,22.2,19.5,110.1,-2.0,2019-20,107.8,109.5,109.6,111.4,-1.8,-1.9,0.582,1.64,17.4,0.258,0.736,0.492,0.144,0.534,0.566,101.2,99.6,83.0,7239,0.479
1610612759,San Antonio Spurs,71,32,39,0.451,48.5,42.2,89.4,0.472,10.7,28.5,0.376,19.0,23.4,0.81,9.0,35.6,44.6,24.7,12.6,7.3,5.5,4.3,19.4,20.1,114.1,-1.1,2019-20,110.4,111.7,110.9,112.6,-0.5,-0.9,0.585,1.96,17.9,0.233,0.751,0.495,0.123,0.531,0.572,102.6,101.14,84.29,7249,0.502
1610612761,Toronto Raptors,72,53,19,0.736,48.3,40.2,87.9,0.458,13.8,37.0,0.374,18.5,23.2,0.796,9.5,35.9,45.4,25.2,14.8,8.8,5.0,5.5,21.7,20.4,112.8,6.2,2019-20,109.0,110.8,102.0,104.7,7.0,6.1,0.627,1.7,18.1,0.256,0.721,0.496,0.146,0.536,0.574,103.3,101.19,84.32,7328,0.53
1610612762,Utah Jazz,72,44,28,0.611,48.2,40.1,85.1,0.471,13.4,35.2,0.38,17.8,22.8,0.779,9.1,35.8,44.9,22.4,15.1,6.1,4.1,4.6,20.4,20.8,111.3,2.5,2019-20,110.0,111.8,107.4,109.3,2.6,2.5,0.56,1.48,16.8,0.261,0.746,0.512,0.152,0.549,0.585,100.8,99.15,82.62,7169,0.513
1610612764,Washington Wizards,72,25,47,0.347,48.2,41.5,90.9,0.457,12.0,32.6,0.368,19.4,24.6,0.788,10.2,31.9,42.0,25.0,14.2,8.0,4.3,5.0,22.7,22.2,114.4,-4.7,2019-20,108.2,110.2,112.7,114.7,-4.5,-4.5,0.602,1.77,17.6,0.262,0.712,0.478,0.136,0.523,0.562,105.2,103.38,86.15,7475,0.473
1610612737,Atlanta Hawks,72,41,31,0.569,48.3,40.8,87.2,0.468,12.4,33.4,0.373,19.7,24.2,0.812,10.6,35.1,45.6,24.1,13.2,7.0,4.8,5.0,19.3,19.8,113.7,2.3,2020-21,113.0,114.3,110.6,112.1,2.5,2.2,0.591,1.82,17.6,0.284,0.742,0.516,0.133,0.539,0.581,99.9,98.68,82.23,7160,0.511
1610612738,Boston Celtics,72,36,36,0.5,48.3,41.5,88.9,0.466,13.6,36.4,0.374,16.1,20.8,0.775,10.6,33.6,44.3,23.5,14.1,7.7,5.3,4.6,20.4,19.3,112.6,1.5,2020-21,111.0,113.1,110.0,111.8,0.9,1.2,0.566,1.67,17.1,0.289,0.737,0.51,0.141,0.543,0.574,100.7,98.94,82.45,7172,0.501
1610612751,Brooklyn Nets,72,48,24,0.667,48.3,43.1,87.3,0.494,14.2,36.1,0.392,18.1,22.5,0.804,8.9,35.5,44.4,26.8,13.5,6.7,5.3,4.6,19.0,18.9,118.6,4.5,2020-21,116.3,117.3,110.6,113.1,5.7,4.2,0.621,1.98,19.3,0.252,0.726,0.503,0.134,0.575,0.61,101.8,100.27,83.56,7280,0.532
1610612766,Charlotte Hornets,72,33,39,0.458,48.2,39.9,87.8,0.455,13.7,37.0,0.369,15.9,20.9,0.761,10.6,33.2,43.8,26.8,14.8,7.8,4.8,4.8,18.0,18.6,109.5,-1.9,2020-21,108.1,110.1,110.6,112.0,-2.5,-1.9,0.672,1.81,19.2,0.276,0.722,0.496,0.149,0.532,0.564,100.6,99.0,82.5,7159,0.489
1610612741,Chicago Bulls,72,31,41,0.431,48.3,42.2,88.6,0.476,12.6,34.0,0.37,13.8,17.5,0.791,9.6,35.3,45.0,26.8,15.1,6.7,4.2,5.1,18.9,17.7,110.7,-0.9,2020-21,108.7,110.4,109.9,111.5,-1.2,-1.1,0.635,1.77,19.2,0.267,0.767,0.519,0.151,0.547,0.575,101.1,99.58,82.99,7220,0.499
1610612739,Cleveland Cavaliers,72,22,50,0.306,48.4,38.6,85.8,0.45,10.0,29.7,0.336,16.7,22.4,0.743,10.4,32.3,42.8,23.8,15.5,7.8,4.5,5.9,18.2,20.2,103.8,-8.4,2020-21,103.1,105.2,112.1,113.5,-8.9,-8.3,0.618,1.54,17.5,0.28,0.729,0.499,0.157,0.508,0.543,99.6,97.96,81.64,7107,0.46
1610612742,Dallas Mavericks,72,42,30,0.583,48.1,41.1,87.3,0.47,13.8,38.1,0.362,16.5,21.2,0.778,9.1,34.2,43.3,22.9,12.1,6.3,4.3,3.7,19.4,20.1,112.4,2.3,2020-21,112.9,114.6,110.4,112.3,2.5,2.3,0.557,1.9,17.2,0.253,0.734,0.496,0.123,0.55,0.582,99.5,97.94,81.62,7062,0.51
1610612743,Denver Nuggets,72,47,25,0.653,48.6,43.3,89.2,0.485,12.9,34.2,0.377,15.7,19.5,0.803,10.5,33.9,44.4,26.8,13.5,8.1,4.5,4.5,19.1,19.2,115.1,4.9,2020-21,114.2,116.3,110.0,111.5,4.2,4.8,0.621,1.99,19.3,0.292,0.751,0.522,0.136,0.557,0.588,99.3,97.74,81.45,7123,0.525
1610612765,Detroit Pistons,72,20,52,0.278,48.4,38.7,85.6,0.452,11.6,32.9,0.351,17.8,23.4,0.759,9.6,33.1,42.7,24.2,14.9,7.4,5.2,5.8,20.5,20.4,106.6,-4.5,2020-21,105.4,107.6,110.3,112.2,-4.9,-4.5,0.626,1.62,17.8,0.267,0.725,0.493,0.151,0.519,0.556,100.1,98.19,81.82,7132,0.473
1610612744,Golden State Warriors,72,39,33,0.542,48.1,41.3,88.2,0.468,14.6,38.7,0.376,16.6,21.1,0.785,8.0,35.1,43.0,27.7,15.0,8.2,4.8,4.3,21.2,19.5,113.7,1.1,2020-21,108.8,110.5,107.7,109.4,1.1,1.1,0.67,1.84,19.6,0.222,0.727,0.48,0.146,0.551,0.583,104.4,102.81,85.67,7412,0.51
1610612745,Houston Rockets,72,17,55,0.236,48.1,39.3,88.5,0.444,13.8,40.6,0.339,16.5,22.3,0.74,9.3,33.3,42.6,23.6,14.7,7.6,5.0,5.3,19.5,19.3,108.8,-7.9,2020-21,104.9,107.0,112.4,114.4,-7.5,-7.4,0.601,1.6,17.2,0.24,0.723,0.474,0.145,0.521,0.553,103.6,101.69,84.74,7320,0.451
1610612754,Indiana Pacers,72,34,38,0.472,48.5,43.3,91.2,0.474,12.3,34.0,0.364,16.4,20.7,0.792,9.0,33.7,42.7,27.4,13.5,8.5,6.4,5.3,20.2,18.1,115.3,0.0,2020-21,109.9,111.9,109.6,111.9,0.3,0.1,0.633,2.02,19.2,0.247,0.701,0.476,0.131,0.542,0.575,104.0,102.05,85.04,7419,0.502
1610612746,LA Clippers,72,47,25,0.653,48.0,41.8,86.7,0.482,14.3,34.7,0.411,16.2,19.3,0.839,9.4,34.7,44.2,24.4,13.2,7.1,4.1,4.2,19.2,18.1,114.0,6.2,2020-21,115.2,116.7,108.7,110.6,6.6,6.1,0.584,1.85,18.1,0.27,0.754,0.518,0.135,0.564,0.599,99.1,97.63,81.35,7036,0.53
1610612747,Los Angeles Lakers,72,42,30,0.583,48.5,40.6,86.1,0.472,11.1,31.2,0.354,17.2,23.3,0.739,9.7,34.6,44.2,24.7,15.2,7.8,5.4,4.5,19.1,21.3,109.5,2.8,2020-21,107.5,109.8,104.8,106.8,2.7,2.9,0.607,1.62,18.0,0.269,0.748,0.511,0.152,0.536,0.569,100.8,98.85,82.37,7184,0.517
1610612763,Memphis Grizzlies,72,38,34,0.528,48.3,42.8,91.8,0.467,11.2,31.4,0.356,16.4,21.3,0.771,11.2,35.3,46.5,26.9,13.3,9.1,5.1,5.2,18.7,18.3,113.3,1.0,2020-21,109.7,111.7,108.5,110.5,1.2,1.2,0.628,2.03,18.9,0.285,0.736,0.507,0.131,0.528,0.56,102.6,100.77,83.98,7302,0.511
1610612748,Miami Heat,72,40,32,0.556,48.3,39.2,83.7,0.468,12.9,36.2,0.358,16.7,21.1,0.79,8.0,33.5,41.5,26.3,14.1,7.9,4.0,4.0,18.9,19.6,108.1,0.0,2020-21,109.1,110.6,108.5,110.7,0.6,-0.1,0.671,1.87,19.5,0.24,0.733,0.491,0.144,0.546,0.581,98.7,97.09,80.91,7036,0.509
1610612749,Milwaukee Bucks,72,46,26,0.639,48.1,44.7,91.8,0.487,14.4,37.1,0.389,16.2,21.4,0.76,10.3,37.8,48.1,25.5,13.8,8.1,4.6,4.8,17.3,18.3,120.1,5.9,2020-21,114.7,116.5,109.1,110.7,5.5,5.8,0.569,1.84,18.0,0.269,0.755,0.519,0.134,0.566,0.593,104.4,102.85,85.71,7423,0.533
1610612750,Minnesota Timberwolves,72,23,49,0.319,48.3,40.7,90.9,0.448,13.1,37.6,0.349,17.6,23.1,0.761,10.5,33.0,43.5,25.6,14.3,8.8,5.5,5.5,20.9,19.9,112.1,-5.6,2020-21,107.0,109.3,112.1,114.5,-5.2,-5.3,0.63,1.8,18.0,0.271,0.717,0.484,0.139,0.52,0.555,104.1,101.96,84.96,7389,0.469
1610612740,New Orleans Pelicans,72,31,41,0.431,48.4,42.5,89.1,0.477,10.6,30.4,0.348,19.0,26.1,0.729,11.7,35.7,47.4,26.0,14.6,7.6,4.4,5.9,18.0,21.3,114.6,-0.3,2020-21,110.8,113.0,111.6,113.3,-0.7,-0.3,0.612,1.78,18.3,0.302,0.755,0.527,0.144,0.537,0.57,102.3,100.54,83.79,7303,0.508
1610612752,New York Knicks,72,41,31,0.569,48.4,39.4,86.5,0.456,11.8,30.0,0.392,16.4,20.9,0.784,9.7,35.5,45.1,21.4,12.9,7.0,5.1,5.4,20.5,17.9,107.0,2.3,2020-21,108.2,110.2,105.7,107.8,2.5,2.4,0.543,1.65,16.3,0.264,0.738,0.505,0.133,0.524,0.559,98.2,96.32,80.27,6994,0.502
1610612760,Oklahoma City Thunder,72,22,50,0.306,48.2,38.8,88.0,0.441,11.9,35.1,0.339,15.5,21.3,0.725,9.9,35.7,45.6,22.1,16.1,7.0,4.4,5.3,18.1,18.6,105.0,-10.6,2020-21,101.3,102.8,111.9,113.4,-10.5,-10.6,0.568,1.37,16.1,0.254,0.742,0.494,0.158,0.509,0.539,103.1,101.61,84.67,7353,0.442
1610612753,Orlando Magic,72,21,51,0.292,48.1,38.3,89.2,0.429,10.9,31.8,0.343,16.6,21.4,0.775,10.4,35.1,45.4,21.8,12.8,6.9,4.4,5.3,17.2,18.6,104.0,-9.3,2020-21,102.9,104.6,112.1,113.9,-9.2,-9.3,0.57,1.7,16.3,0.252,0.744,0.488,0.129,0.49,0.527,100.8,99.17,82.64,7158,0.45
1610612755,Philadelphia 76ers,72,49,23,0.681,48.4,41.4,86.9,0.476,11.3,30.1,0.374,19.6,25.5,0.767,10.0,35.0,45.1,23.7,14.4,9.1,6.2,4.7,20.2,21.0,113.6,5.6,2020-21,110.8,112.5,105.1,107.0,5.7,5.5,0.572,1.64,17.2,0.277,0.737,0.511,0.143,0.541,0.579,101.8,100.12,83.43,7272,0.536
1610612756,Phoenix Suns,72,51,21,0.708,48.6,43.3,88.3,0.49,13.1,34.6,0.378,15.6,18.7,0.834,8.8,34.2,42.9,26.9,12.5,7.2,4.3,3.6,19.1,18.0,115.3,5.8,2020-21,114.9,116.3,108.8,110.4,6.1,5.9,0.622,2.15,19.6,0.248,0.741,0.5,0.126,0.564,0.597,99.3,98.0,81.67,7137,0.534
1610612757,Portland Trail Blazers,72,42,30,0.583,48.1,41.3,91.1,0.453,15.7,40.8,0.385,17.8,21.6,0.823,10.6,33.9,44.5,21.3,11.1,6.9,5.0,4.6,18.9,19.1,116.1,1.8,2020-21,114.9,117.1,113.4,115.3,1.5,1.8,0.515,1.92,15.9,0.273,0.731,0.495,0.112,0.54,0.577,100.8,98.97,82.48,7137,0.493
1610612758,Sacramento Kings,72,31,41,0.431,48.1,42.6,88.6,0.481,12.1,33.3,0.364,16.4,22.0,0.745,9.4,32.0,41.4,25.5,13.4,7.5,5.0,4.7,19.4,18.7,113.7,-3.7,2020-21,111.1,112.7,114.6,116.5,-3.5,-3.8,0.599,1.91,18.4,0.253,0.713,0.482,0.133,0.549,0.578,102.2,100.71,83.92,7266,0.481
1610612759,San Antonio Spurs,72,33,39,0.458,48.6,41.9,90.5,0.462,9.9,28.4,0.35,17.4,22.0,0.792,9.3,34.6,43.9,24.4,11.4,7.0,5.1,5.1,18.0,18.6,111.1,-1.7,2020-21,108.6,110.5,110.7,112.0,-2.1,-1.5,0.584,2.14,17.9,0.243,0.733,0.485,0.113,0.517,0.554,101.0,99.45,82.87,7236,0.493
1610612761,Toronto Raptors,72,27,45,0.375,48.1,39.7,88.7,0.448,14.5,39.3,0.368,17.4,21.3,0.815,9.4,32.1,41.6,24.1,13.2,8.6,5.4,5.6,21.2,19.5,111.3,-0.5,2020-21,109.3,111.6,109.8,112.0,-0.5,-0.4,0.607,1.82,17.7,0.256,0.716,0.479,0.133,0.529,0.567,101.6,99.57,82.98,7177,0.486
1610612762,Utah Jazz,72,52,20,0.722,48.2,41.3,88.1,0.468,16.7,43.0,0.389,17.2,21.5,0.799,10.6,37.6,48.3,23.7,14.2,6.6,5.2,3.9,18.5,19.0,116.4,9.3,2020-21,115.1,116.5,105.7,107.5,9.4,9.0,0.573,1.66,17.3,0.284,0.757,0.529,0.142,0.563,0.597,100.8,99.37,82.81,7193,0.542
1610612764,Washington Wizards,72,34,38,0.472,48.3,43.2,90.9,0.475,10.2,29.0,0.351,20.1,26.2,0.769,9.7,35.5,45.2,25.5,14.4,7.3,4.1,4.8,21.6,22.0,116.6,-1.8,2020-21,108.9,110.7,110.5,112.3,-1.7,-1.6,0.59,1.77,17.8,0.25,0.736,0.494,0.137,0.531,0.569,106.4,104.67,87.22,7585,0.496
1610612737,Atlanta Hawks,82,43,39,0.524,48.1,41.5,88.3,0.47,12.9,34.4,0.374,18.1,22.3,0.812,10.0,33.9,44.0,24.6,11.9,7.2,4.2,4.5,18.7,20.3,113.9,1.6,2021-22,114.0,115.4,112.1,113.7,1.9,1.6,0.593,2.08,18.1,0.269,0.731,0.501,0.12,0.543,0.581,100.0,98.67,82.22,8099,0.509
1610612738,Boston Celtics,82,51,31,0.622,48.5,40.7,87.4,0.466,13.2,37.1,0.356,17.0,20.9,0.816,10.5,35.5,46.1,24.8,13.6,7.2,5.8,4.6,18.5,19.4,111.8,7.3,2021-22,112.1,113.6,104.0,106.2,8.1,7.4,0.609,1.82,18.2,0.277,0.725,0.509,0.139,0.542,0.578,99.0,97.26,81.05,8068,0.547
1610612751,Brooklyn Nets,82,44,38,0.537,48.2,42.0,88.4,0.475,11.5,31.7,0.361,17.5,21.7,0.805,10.3,34.1,44.4,25.3,14.1,7.1,5.5,4.9,20.4,19.7,112.9,0.8,2021-22,111.0,113.2,109.6,112.3,1.3,0.9,0.602,1.8,18.3,0.281,0.704,0.499,0.141,0.54,0.576,101.6,99.4,82.83,8177,0.512
1610612766,Charlotte Hornets,82,43,39,0.524,48.5,42.8,91.4,0.468,13.9,38.2,0.365,15.8,21.4,0.74,10.8,33.7,44.6,28.1,13.3,8.6,4.9,4.6,19.9,19.6,115.3,0.4,2021-22,111.7,113.6,111.0,113.1,0.7,0.5,0.656,2.12,19.6,0.27,0.706,0.486,0.131,0.544,0.572,102.3,100.52,83.76,8322,0.504
1610612741,Chicago Bulls,82,46,36,0.561,48.1,41.7,86.9,0.48,10.6,28.8,0.369,17.5,21.5,0.813,8.7,33.7,42.3,23.9,12.8,7.1,4.1,5.0,18.8,18.2,111.6,-0.4,2021-22,111.0,112.7,111.1,113.2,-0.1,-0.5,0.572,1.86,17.8,0.249,0.735,0.495,0.13,0.541,0.579,100.4,98.76,82.3,8124,0.496
1610612739,Cleveland Cavaliers,82,44,38,0.537,48.1,39.7,84.6,0.469,11.6,32.8,0.355,16.8,22.1,0.76,10.2,34.0,44.2,25.2,14.4,7.1,4.2,4.6,17.5,20.0,107.8,2.1,2021-22,109.4,111.0,107.0,108.9,2.4,2.1,0.634,1.75,18.7,0.277,0.724,0.506,0.148,0.538,0.571,98.4,96.83,80.69,7964,0.517
1610612742,Dallas Mavericks,82,52,30,0.634,48.2,39.3,85.1,0.461,13.1,37.4,0.35,16.4,21.2,0.771,9.3,33.8,43.0,23.4,12.5,6.7,4.0,3.7,19.7,20.1,108.0,3.3,2021-22,110.5,112.5,106.8,109.1,3.7,3.5,0.595,1.87,17.8,0.256,0.733,0.496,0.13,0.538,0.572,97.5,95.64,79.7,7871,0.511
1610612743,Denver Nuggets,82,48,34,0.585,48.3,41.7,86.3,0.483,12.7,35.9,0.353,16.7,21.0,0.795,9.2,34.9,44.1,27.8,14.5,7.2,3.7,4.8,20.0,19.9,112.7,2.3,2021-22,111.7,113.8,110.3,111.5,1.4,2.3,0.667,1.92,20.0,0.268,0.752,0.515,0.146,0.556,0.59,99.9,98.41,82.01,8123,0.516
1610612765,Detroit Pistons,82,23,59,0.28,48.2,38.2,88.6,0.431,11.3,34.6,0.326,17.2,22.0,0.782,11.0,32.0,43.0,23.5,14.2,7.7,4.8,5.2,21.9,19.8,104.8,-7.7,2021-22,103.3,105.6,111.1,113.3,-7.9,-7.7,0.615,1.65,17.1,0.276,0.707,0.481,0.143,0.494,0.533,100.9,98.81,82.34,8141,0.45
1610612744,Golden State Warriors,82,53,29,0.646,48.1,40.5,86.4,0.469,14.3,39.4,0.364,15.6,20.3,0.769,9.8,35.7,45.5,27.1,14.9,8.8,4.5,3.9,21.0,18.0,111.0,5.5,2021-22,110.5,112.1,103.9,106.6,6.5,5.5,0.669,1.82,19.5,0.269,0.736,0.51,0.15,0.552,0.582,100.7,98.74,82.28,8121,0.536
1610612745,Houston Rockets,82,20,62,0.244,48.2,39.4,86.4,0.456,13.5,38.7,0.349,17.5,24.5,0.713,9.6,32.4,42.0,23.6,16.5,7.3,4.7,5.8,20.6,22.1,109.7,-8.5,2021-22,105.4,108.1,114.4,116.4,-9.0,-8.3,0.598,1.43,17.1,0.265,0.71,0.485,0.162,0.534,0.565,103.3,101.16,84.3,8323,0.451
1610612754,Indiana Pacers,82,25,57,0.305,48.5,41.4,89.5,0.463,12.2,35.4,0.344,16.4,21.4,0.768,11.3,32.6,43.9,25.4,14.4,7.1,5.6,4.9,20.4,19.2,111.5,-3.5,2021-22,109.2,111.9,113.9,115.5,-4.6,-3.6,0.612,1.76,18.1,0.31,0.725,0.512,0.145,0.531,0.564,100.5,98.55,82.13,8166,0.478
1610612746,LA Clippers,82,42,40,0.512,48.2,40.1,87.4,0.458,12.8,34.2,0.374,15.5,19.6,0.793,9.1,34.9,44.0,24.0,13.7,7.4,5.0,4.1,18.6,18.5,108.4,0.0,2021-22,107.7,109.5,107.5,109.5,0.2,0.0,0.599,1.75,17.7,0.254,0.706,0.486,0.139,0.531,0.564,100.2,98.51,82.09,8121,0.502
1610612747,Los Angeles Lakers,82,33,49,0.402,48.7,41.6,88.8,0.469,12.0,34.5,0.347,16.8,23.0,0.732,9.5,34.5,44.0,24.0,14.5,7.6,5.2,4.1,20.2,20.1,112.1,-3.0,2021-22,107.9,110.0,110.9,112.8,-3.0,-2.9,0.576,1.65,17.3,0.256,0.72,0.49,0.142,0.537,0.567,102.3,100.47,83.73,8360,0.482
1610612763,Memphis Grizzlies,82,56,26,0.683,48.2,43.5,94.4,0.461,11.5,32.7,0.353,17.0,23.1,0.734,14.1,35.0,49.2,26.0,13.2,9.8,6.5,6.0,19.8,19.8,115.6,5.7,2021-22,111.6,114.3,106.2,108.9,5.4,5.3,0.597,1.97,17.9,0.338,0.726,0.526,0.13,0.522,0.553,103.1,100.52,83.77,8295,0.53
1610612748,Miami Heat,82,53,29,0.646,48.4,39.6,84.8,0.467,13.6,35.8,0.379,17.3,21.4,0.808,9.8,33.9,43.7,25.5,14.6,7.4,3.2,4.0,20.5,20.6,110.0,4.5,2021-22,111.2,113.0,106.3,108.4,4.9,4.5,0.644,1.75,18.8,0.278,0.735,0.51,0.149,0.547,0.584,98.2,96.53,80.44,7987,0.529
1610612749,Milwaukee Bucks,82,51,31,0.622,48.2,41.8,89.4,0.468,14.1,38.4,0.366,17.8,22.9,0.776,10.2,36.5,46.7,23.9,13.4,7.6,4.0,4.4,18.2,19.7,115.5,3.4,2021-22,112.5,114.3,109.4,111.1,3.1,3.2,0.572,1.78,17.3,0.269,0.747,0.512,0.133,0.546,0.58,102.2,100.59,83.83,8284,0.516
1610612750,Minnesota Timberwolves,82,46,36,0.561,48.2,41.6,91.0,0.457,14.8,41.3,0.358,18.0,23.1,0.778,11.2,32.9,44.2,25.7,14.3,8.8,5.6,4.8,21.8,20.9,115.9,2.6,2021-22,111.3,113.8,109.1,111.0,2.1,2.7,0.617,1.79,18.1,0.284,0.706,0.49,0.141,0.539,0.573,103.5,101.47,84.56,8357,0.504
1610612740,New Orleans Pelicans,82,36,46,0.439,48.2,40.2,88.0,0.457,10.6,32.1,0.332,18.3,23.2,0.789,12.0,33.2,45.2,25.0,14.1,8.3,4.0,4.8,19.7,20.5,109.3,-1.0,2021-22,109.0,111.2,110.5,112.0,-1.5,-0.8,0.621,1.78,18.1,0.306,0.742,0.518,0.143,0.517,0.557,99.7,98.02,81.69,8060,0.5
1610612752,New York Knicks,82,37,45,0.451,48.2,37.7,86.2,0.437,13.2,36.9,0.357,18.0,24.1,0.744,11.5,34.6,46.1,21.9,13.3,7.0,4.9,4.6,20.4,20.4,106.5,-0.1,2021-22,108.0,109.7,107.6,110.2,0.4,-0.4,0.581,1.65,16.4,0.291,0.74,0.512,0.137,0.513,0.55,98.4,96.42,80.35,7958,0.491
1610612760,Oklahoma City Thunder,82,24,58,0.293,48.3,38.3,89.1,0.43,12.1,37.4,0.323,15.0,19.9,0.756,10.4,35.2,45.6,22.2,14.0,7.6,4.6,6.0,18.3,17.8,103.7,-8.1,2021-22,102.2,103.8,110.2,111.7,-8.0,-8.0,0.58,1.59,16.4,0.256,0.727,0.487,0.14,0.497,0.53,100.8,99.39,82.83,8198,0.451
1610612753,Orlando Magic,82,22,60,0.268,48.2,38.3,88.3,0.434,12.2,36.9,0.331,15.5,19.7,0.787,9.1,35.2,44.3,23.7,14.5,6.8,4.5,5.2,19.7,18.3,104.2,-8.0,2021-22,101.8,103.9,110.3,112.1,-8.5,-8.1,0.62,1.64,17.4,0.249,0.735,0.49,0.144,0.503,0.538,101.5,99.71,83.09,8223,0.458
1610612755,Philadelphia 76ers,82,51,31,0.622,48.3,39.4,84.5,0.466,11.6,31.8,0.364,19.6,23.8,0.821,8.5,33.8,42.3,23.7,12.5,7.7,5.3,4.6,19.4,19.4,109.9,2.6,2021-22,111.0,113.0,108.3,110.2,2.7,2.8,0.602,1.89,17.9,0.246,0.724,0.49,0.129,0.534,0.578,98.4,96.71,80.59,7975,0.517
1610612756,Phoenix Suns,82,64,18,0.78,48.1,43.7,90.1,0.485,11.6,31.9,0.364,15.9,19.9,0.797,9.8,35.5,45.3,27.4,12.9,8.6,4.4,4.0,19.9,18.9,114.8,7.5,2021-22,112.5,114.2,104.7,106.8,7.8,7.5,0.627,2.12,19.5,0.264,0.728,0.503,0.129,0.549,0.581,102.0,100.26,83.55,8242,0.548
1610612757,Portland Trail Blazers,82,27,55,0.329,48.1,38.5,87.1,0.442,12.7,36.8,0.346,16.4,21.6,0.76,10.4,32.5,42.9,22.9,14.5,8.0,4.5,5.0,21.1,19.4,106.2,-8.9,2021-22,105.5,107.3,114.0,116.3,-8.5,-9.1,0.595,1.58,17.0,0.268,0.721,0.487,0.146,0.515,0.55,100.6,98.74,82.28,8120,0.447
1610612758,Sacramento Kings,82,30,52,0.366,48.3,40.5,88.1,0.46,11.4,33.2,0.344,17.9,23.3,0.768,9.6,33.4,42.9,23.7,14.1,7.2,4.5,4.8,18.9,20.3,110.3,-5.5,2021-22,107.2,109.6,112.9,114.8,-5.7,-5.2,0.585,1.68,17.3,0.259,0.714,0.484,0.14,0.525,0.561,102.1,100.1,83.41,8252,0.473
1610612759,San Antonio Spurs,82,34,48,0.415,48.3,43.2,92.7,0.467,11.3,32.0,0.352,15.4,20.4,0.754,11.0,34.3,45.3,27.9,12.7,7.6,4.9,4.9,18.1,18.9,113.2,0.1,2021-22,109.4,111.9,110.0,111.7,-0.6,0.2,0.646,2.19,19.5,0.281,0.711,0.494,0.126,0.527,0.556,102.4,100.51,83.76,8290,0.51
1610612761,Toronto Raptors,82,48,34,0.585,48.4,40.6,91.3,0.445,11.9,34.2,0.349,16.2,21.3,0.759,13.4,32.0,45.3,22.1,12.5,9.0,4.6,5.1,19.6,19.1,109.4,2.3,2021-22,109.6,112.1,107.9,109.9,1.7,2.2,0.543,1.77,16.1,0.325,0.714,0.508,0.128,0.51,0.543,98.6,96.63,80.53,8000,0.494
1610612762,Utah Jazz,82,49,33,0.598,48.1,40.6,86.2,0.471,14.5,40.3,0.36,17.9,23.4,0.767,10.8,35.6,46.3,22.4,14.0,7.2,4.9,4.3,18.9,20.3,113.6,6.0,2021-22,114.0,116.2,107.7,110.0,6.2,6.2,0.552,1.6,16.7,0.3,0.738,0.525,0.143,0.555,0.589,99.5,97.5,81.25,8014,0.528
1610612764,Washington Wizards,82,35,47,0.427,48.4,40.6,86.0,0.472,10.5,30.6,0.342,17.0,21.7,0.783,9.0,34.1,43.1,25.0,13.1,6.4,5.0,4.2,18.8,19.9,108.6,-3.4,2021-22,108.9,110.2,111.7,113.6,-2.8,-3.4,0.617,1.91,18.5,0.247,0.731,0.494,0.133,0.532,0.568,99.3,97.8,81.5,8079,0.496
1610612737,Atlanta Hawks,82,41,41,0.5,48.4,44.6,92.4,0.483,10.8,30.5,0.352,18.5,22.6,0.818,11.2,33.2,44.4,25.0,12.9,7.1,4.9,5.0,18.8,19.7,118.4,0.3,2022-23,113.9,115.5,113.6,115.4,0.3,0.1,0.56,1.93,17.6,0.289,0.717,0.5,0.126,0.541,0.579,103.1,101.56,84.63,8407,0.5
1610612738,Boston Celtics,82,57,25,0.695,48.7,42.2,88.8,0.475,16.0,42.6,0.377,17.5,21.6,0.812,9.7,35.6,45.3,26.7,13.4,6.4,5.2,3.9,18.8,19.1,117.9,6.5,2022-23,115.7,117.3,108.8,110.6,7.0,6.7,0.632,2.0,19.1,0.255,0.746,0.506,0.133,0.566,0.6,100.6,99.15,82.63,8247,0.534
1610612751,Brooklyn Nets,82,45,37,0.549,48.1,41.5,85.1,0.487,12.8,33.8,0.378,17.7,22.1,0.8,8.2,32.3,40.5,25.5,13.7,7.1,6.2,3.9,21.1,18.5,113.4,0.9,2022-23,113.0,114.6,110.9,113.5,2.1,1.1,0.616,1.86,18.9,0.234,0.689,0.472,0.139,0.562,0.598,100.7,98.77,82.31,8111,0.51
1610612766,Charlotte Hornets,82,27,55,0.329,48.4,41.3,90.4,0.457,10.7,32.5,0.33,17.6,23.6,0.749,11.0,33.5,44.5,25.1,14.2,7.7,5.2,5.7,20.3,20.3,111.0,-6.2,2022-23,106.7,108.4,112.6,114.7,-5.9,-6.3,0.609,1.77,17.8,0.276,0.717,0.491,0.139,0.516,0.551,103.3,101.47,84.56,8390,0.473
1610612741,Chicago Bulls,82,40,42,0.488,48.5,42.5,86.8,0.49,10.4,28.9,0.361,17.6,21.8,0.809,8.5,33.9,42.4,24.5,13.4,7.9,4.5,4.7,18.9,18.7,113.1,1.3,2022-23,111.7,112.8,109.4,111.5,2.3,1.3,0.575,1.83,18.1,0.236,0.736,0.493,0.133,0.55,0.587,100.6,99.18,82.65,8225,0.512
1610612739,Cleveland Cavaliers,82,51,31,0.622,48.5,41.6,85.2,0.488,11.6,31.6,0.367,17.5,22.5,0.78,9.7,31.4,41.1,24.9,13.3,7.1,4.7,4.4,19.0,20.4,112.3,5.4,2022-23,113.7,115.5,107.7,109.9,6.0,5.6,0.6,1.87,18.6,0.273,0.715,0.496,0.137,0.556,0.59,98.0,96.27,80.23,7972,0.531
1610612742,Dallas Mavericks,82,38,44,0.463,48.6,40.0,84.3,0.475,15.2,41.0,0.371,19.0,25.1,0.755,7.6,31.2,38.8,22.9,12.2,6.3,3.7,3.8,20.7,21.8,114.2,0.1,2022-23,114.3,115.9,114.0,116.1,0.3,-0.2,0.573,1.88,17.4,0.226,0.717,0.471,0.124,0.565,0.599,98.8,97.21,81.01,8082,0.487
1610612743,Denver Nuggets,82,53,29,0.646,48.2,43.6,86.4,0.504,11.8,31.2,0.379,16.8,22.4,0.751,10.1,32.9,43.0,28.9,14.5,7.5,4.5,4.2,18.6,19.5,115.8,3.3,2022-23,115.0,116.8,111.7,113.5,3.3,3.3,0.663,1.99,20.5,0.289,0.727,0.514,0.147,0.573,0.601,100.3,98.74,82.28,8129,0.525
1610612765,Detroit Pistons,82,17,65,0.207,48.3,39.6,87.1,0.454,11.4,32.4,0.351,19.8,25.7,0.771,11.2,31.3,42.4,23.0,15.1,7.0,3.8,5.5,22.1,21.0,110.3,-8.2,2022-23,107.8,109.9,116.1,117.8,-8.2,-7.9,0.581,1.52,16.7,0.292,0.702,0.491,0.15,0.52,0.561,101.6,99.88,83.23,8231,0.449
1610612744,Golden State Warriors,82,44,38,0.537,48.4,43.1,90.2,0.479,16.6,43.2,0.385,16.0,20.2,0.794,10.5,34.1,44.6,29.8,16.3,7.2,4.0,4.0,21.4,18.4,118.9,1.8,2022-23,113.5,115.1,111.4,113.4,2.1,1.7,0.691,1.83,20.4,0.277,0.719,0.502,0.158,0.571,0.6,104.2,102.54,85.45,8472,0.51
1610612745,Houston Rockets,82,22,60,0.268,48.2,40.6,88.9,0.457,10.4,31.9,0.327,19.1,25.3,0.754,13.4,32.9,46.3,22.4,16.2,7.3,4.6,6.2,20.5,20.6,110.7,-7.9,2022-23,107.7,110.5,116.9,118.6,-9.2,-8.1,0.551,1.38,16.0,0.344,0.729,0.53,0.162,0.516,0.554,101.8,99.74,83.11,8220,0.457
1610612754,Indiana Pacers,82,35,47,0.427,48.2,42.0,89.6,0.469,13.6,37.0,0.367,18.7,23.7,0.79,10.1,31.4,41.5,27.0,14.9,7.7,5.8,5.3,21.2,20.2,116.3,-3.2,2022-23,111.0,113.8,115.4,117.1,-4.4,-3.3,0.643,1.81,18.9,0.285,0.685,0.482,0.146,0.545,0.581,103.8,101.68,84.73,8377,0.482
1610612746,LA Clippers,82,44,38,0.537,48.4,41.1,86.1,0.477,12.7,33.3,0.381,18.7,23.9,0.781,9.8,33.4,43.2,23.9,14.2,7.1,4.4,4.2,19.5,19.6,113.6,0.5,2022-23,112.4,114.0,112.0,113.6,0.3,0.5,0.581,1.68,17.5,0.273,0.731,0.505,0.143,0.551,0.588,100.2,98.84,82.37,8168,0.498
1610612747,Los Angeles Lakers,82,43,39,0.524,48.5,42.9,89.0,0.482,10.8,31.2,0.346,20.6,26.6,0.775,10.0,35.7,45.7,25.3,14.1,6.4,4.6,5.1,17.9,21.5,117.2,0.6,2022-23,111.8,113.9,111.5,113.2,0.3,0.7,0.589,1.8,17.9,0.269,0.727,0.505,0.137,0.542,0.582,103.6,101.92,84.93,8436,0.511
1610612763,Memphis Grizzlies,82,51,31,0.622,48.2,43.7,92.1,0.475,12.0,34.2,0.351,17.5,23.8,0.733,12.0,34.6,46.6,26.0,13.6,8.3,5.8,5.2,20.0,20.0,116.9,3.9,2022-23,112.3,114.7,108.3,110.7,4.0,4.0,0.596,1.91,18.2,0.302,0.711,0.507,0.133,0.54,0.57,103.7,101.5,84.58,8360,0.519
1610612748,Miami Heat,82,44,38,0.537,48.3,39.2,85.3,0.46,12.0,34.8,0.344,19.1,23.0,0.831,9.7,30.9,40.6,23.8,13.5,8.0,3.0,3.8,18.5,20.0,109.5,-0.3,2022-23,110.4,112.3,110.6,112.8,-0.2,-0.5,0.608,1.77,17.8,0.274,0.733,0.498,0.138,0.53,0.574,98.6,96.76,80.63,7991,0.496
1610612749,Milwaukee Bucks,82,58,24,0.707,48.4,42.7,90.4,0.473,14.8,40.3,0.368,16.6,22.4,0.743,11.1,37.5,48.6,25.8,14.6,6.4,4.9,3.9,18.1,19.0,116.9,3.6,2022-23,112.8,114.3,109.4,110.9,3.3,3.4,0.604,1.76,18.1,0.284,0.745,0.521,0.143,0.555,0.583,102.8,101.45,84.54,8389,0.523
1610612750,Minnesota Timberwolves,82,42,40,0.512,48.4,42.9,87.4,0.49,12.2,33.3,0.365,17.9,23.7,0.755,9.1,32.8,41.9,26.2,15.3,8.0,5.4,4.1,21.6,20.2,115.8,0.0,2022-23,111.3,113.3,111.1,113.1,0.2,0.2,0.61,1.71,18.6,0.258,0.703,0.485,0.15,0.56,0.592,103.4,101.55,84.62,8383,0.503
1610612740,New Orleans Pelicans,82,42,40,0.512,48.4,42.0,87.6,0.48,11.0,30.1,0.364,19.3,24.4,0.793,10.6,33.1,43.7,25.9,14.6,8.3,4.1,4.7,20.5,20.4,114.4,1.9,2022-23,111.8,113.8,109.9,112.0,1.9,1.9,0.616,1.77,18.5,0.29,0.732,0.512,0.145,0.543,0.582,101.4,99.58,82.98,8239,0.514
1610612752,New York Knicks,82,47,35,0.573,48.7,42.0,89.4,0.47,12.6,35.7,0.354,19.4,25.5,0.761,12.6,34.0,46.6,22.9,13.0,6.4,4.1,4.5,20.3,20.7,116.0,2.9,2022-23,114.9,117.0,111.8,114.2,3.1,2.8,0.546,1.77,16.6,0.318,0.727,0.521,0.131,0.541,0.577,99.7,97.75,81.46,8134,0.509
1610612760,Oklahoma City Thunder,82,40,42,0.488,48.4,43.1,92.6,0.465,12.1,34.1,0.356,19.2,23.7,0.809,11.4,32.3,43.7,24.4,13.0,8.2,4.2,5.5,21.0,20.4,117.5,1.1,2022-23,112.3,114.2,111.4,113.2,0.8,1.0,0.567,1.87,17.2,0.289,0.693,0.487,0.127,0.531,0.57,103.6,101.94,84.95,8435,0.498
1610612753,Orlando Magic,82,34,48,0.415,48.2,40.5,86.3,0.47,10.8,31.1,0.346,19.6,25.0,0.784,10.2,33.1,43.2,23.2,15.1,7.4,4.7,5.1,20.1,20.5,111.4,-2.6,2022-23,109.0,111.3,111.5,113.7,-2.4,-2.3,0.574,1.54,17.0,0.281,0.73,0.505,0.151,0.532,0.573,101.7,99.66,83.05,8205,0.485
1610612755,Philadelphia 76ers,82,54,28,0.659,48.5,40.8,83.8,0.487,12.6,32.6,0.387,21.0,25.1,0.835,8.7,32.2,40.9,25.2,13.7,7.7,4.7,4.6,20.4,19.6,115.2,4.3,2022-23,115.5,117.0,110.2,112.7,5.2,4.4,0.616,1.84,18.6,0.258,0.721,0.496,0.139,0.563,0.608,99.2,97.44,81.2,8072,0.524
1610612756,Phoenix Suns,82,45,37,0.549,48.2,42.1,90.1,0.467,12.2,32.6,0.374,17.2,21.7,0.793,11.8,32.4,44.2,27.3,13.5,7.1,5.3,4.0,21.2,19.9,113.6,2.1,2022-23,112.1,114.5,110.1,112.3,2.1,2.2,0.647,2.01,19.3,0.307,0.714,0.508,0.136,0.535,0.57,100.8,98.83,82.36,8141,0.514
1610612757,Portland Trail Blazers,82,33,49,0.402,48.1,40.5,85.4,0.474,12.9,35.3,0.365,19.6,24.6,0.796,9.4,31.1,40.5,24.2,14.5,6.7,4.6,4.3,20.0,20.5,113.4,-4.0,2022-23,112.0,114.0,116.0,118.0,-4.0,-4.0,0.597,1.67,17.8,0.264,0.709,0.486,0.145,0.549,0.589,101.0,99.25,82.71,8157,0.474
1610612758,Sacramento Kings,82,48,34,0.585,48.4,43.6,88.2,0.494,13.8,37.3,0.369,19.8,25.1,0.79,9.5,32.9,42.5,27.3,13.5,7.0,3.4,4.2,19.7,20.9,120.7,2.6,2022-23,117.0,118.6,114.1,116.0,2.9,2.6,0.626,2.02,19.3,0.265,0.731,0.499,0.133,0.572,0.608,102.5,100.99,84.16,8343,0.511
1610612759,San Antonio Spurs,82,22,60,0.268,48.4,43.1,92.6,0.465,11.1,32.2,0.345,15.8,21.2,0.743,11.8,31.9,43.7,27.2,15.3,7.0,3.9,5.3,19.9,18.5,113.0,-10.0,2022-23,107.2,109.7,117.7,119.6,-10.5,-9.9,0.632,1.78,18.7,0.299,0.709,0.495,0.148,0.525,0.554,104.1,102.07,85.06,8451,0.452
1610612761,Toronto Raptors,82,41,41,0.5,48.3,41.9,91.3,0.459,10.7,32.0,0.335,18.4,23.4,0.784,12.7,30.3,43.0,23.9,11.7,9.4,5.2,4.6,20.0,19.6,112.9,1.5,2022-23,112.2,114.6,111.4,113.1,0.8,1.5,0.571,2.05,17.2,0.316,0.721,0.502,0.118,0.517,0.555,99.6,97.85,81.54,8076,0.496
1610612762,Utah Jazz,82,37,45,0.451,48.3,42.5,89.8,0.473,13.3,37.8,0.353,18.7,23.8,0.786,11.8,34.1,45.9,26.0,15.4,6.1,5.2,4.9,20.5,20.5,117.1,-0.9,2022-23,112.7,115.3,113.8,116.0,-1.1,-0.7,0.611,1.69,18.2,0.308,0.711,0.512,0.151,0.547,0.584,103.1,101.02,84.18,8329,0.498
1610612764,Washington Wizards,82,35,47,0.427,48.2,42.1,86.9,0.485,11.3,31.7,0.356,17.6,22.4,0.785,9.4,34.2,43.6,25.4,14.1,6.8,5.2,5.0,18.8,19.4,113.2,-1.2,2022-23,111.5,113.7,113.3,114.9,-1.8,-1.2,0.603,1.8,18.5,0.273,0.724,0.505,0.142,0.55,0.585,100.8,99.16,82.63,8161,0.504
1610612737,Atlanta Hawks,82,36,46,0.439,48.4,43.0,92.5,0.465,13.7,37.7,0.364,18.5,23.2,0.797,12.5,32.2,44.7,26.6,13.5,7.5,4.5,5.6,18.6,19.4,118.3,-2.2,2023-24,114.0,116.4,116.7,118.4,-2.6,-2.0,0.618,1.96,18.4,0.308,0.717,0.504,0.133,0.539,0.576,102.6,100.84,84.03,8339,0.482
1610612738,Boston Celtics,82,64,18,0.78,48.4,43.9,90.2,0.487,16.5,42.5,0.388,16.3,20.2,0.807,10.7,35.6,46.3,26.9,11.9,6.8,6.6,3.7,16.2,17.3,120.6,11.3,2023-24,120.2,122.2,109.0,110.6,11.2,11.7,0.613,2.25,19.3,0.287,0.726,0.515,0.121,0.578,0.609,99.5,97.98,81.65,8090,0.555
1610612751,Brooklyn Nets,82,32,50,0.39,48.3,40.7,89.1,0.456,13.3,36.7,0.362,15.8,20.9,0.756,11.4,32.6,44.1,25.6,13.1,6.8,5.2,5.0,18.5,18.2,110.4,-2.9,2023-24,110.4,112.4,113.1,115.4,-2.7,-2.9,0.63,1.95,18.6,0.289,0.715,0.497,0.134,0.531,0.561,99.4,97.56,81.3,8050,0.483
1610612766,Charlotte Hornets,82,21,61,0.256,48.1,40.0,87.0,0.46,12.1,34.0,0.355,14.5,18.4,0.786,9.3,31.0,40.3,24.8,13.8,6.9,4.5,4.8,18.0,17.5,106.6,-10.2,2023-24,107.1,108.6,117.0,119.2,-9.9,-10.6,0.62,1.8,18.4,0.253,0.709,0.475,0.14,0.529,0.56,99.4,97.81,81.51,8047,0.447
1610612741,Chicago Bulls,82,39,43,0.476,48.7,42.0,89.5,0.47,11.5,32.1,0.358,16.7,21.1,0.791,11.2,32.6,43.8,25.0,12.2,7.8,4.8,4.9,18.8,18.8,112.3,-1.4,2023-24,112.4,114.0,113.2,115.7,-0.8,-1.7,0.594,2.04,18.2,0.291,0.717,0.501,0.124,0.534,0.568,98.6,96.94,80.78,8078,0.493
1610612739,Cleveland Cavaliers,82,48,34,0.585,48.3,41.8,87.2,0.479,13.5,36.8,0.367,15.6,20.4,0.765,9.8,33.4,43.3,28.0,13.6,7.4,4.6,5.0,17.5,18.7,112.6,2.4,2023-24,112.8,114.7,109.9,112.1,2.9,2.5,0.671,2.07,20.2,0.274,0.721,0.501,0.138,0.557,0.586,99.5,97.62,81.35,8053,0.519
1610612742,Dallas Mavericks,82,50,32,0.61,48.1,43.1,89.7,0.481,14.6,39.5,0.369,17.0,22.5,0.758,9.7,33.2,42.9,25.7,12.5,6.9,5.0,4.0,18.3,20.3,117.9,2.2,2023-24,115.2,117.0,112.6,114.9,2.6,2.1,0.596,2.05,18.5,0.257,0.711,0.485,0.124,0.562,0.592,102.4,100.6,83.83,8263,0.506
1610612743,Denver Nuggets,82,57,25,0.695,48.1,44.0,88.8,0.496,11.7,31.2,0.374,15.1,19.9,0.762,10.7,33.7,44.4,29.5,12.6,7.1,5.6,4.8,18.2,17.9,114.9,5.3,2023-24,115.6,117.8,110.5,112.3,5.0,5.5,0.669,2.33,20.9,0.3,0.718,0.515,0.13,0.562,0.589,99.1,97.43,81.19,7996,0.533
1610612765,Detroit Pistons,82,14,68,0.171,48.2,40.9,88.2,0.463,11.0,31.7,0.348,17.0,21.7,0.785,10.5,32.8,43.3,25.5,15.2,6.5,4.7,6.0,20.6,17.8,109.9,-9.1,2023-24,107.2,109.0,116.0,118.0,-8.8,-9.0,0.623,1.67,18.2,0.277,0.73,0.499,0.151,0.526,0.562,102.2,100.45,83.71,8269,0.449
1610612744,Golden State Warriors,82,46,36,0.561,48.4,43.7,91.6,0.477,14.8,38.9,0.38,15.6,20.0,0.78,12.1,34.6,46.7,29.3,14.3,7.0,4.6,5.0,19.5,17.9,117.8,2.6,2023-24,114.7,116.9,112.4,114.5,2.3,2.4,0.671,2.05,20.1,0.315,0.725,0.521,0.142,0.557,0.586,101.8,99.91,83.26,8261,0.512
1610612745,Houston Rockets,82,41,41,0.5,48.4,41.8,91.0,0.459,12.7,36.1,0.352,18.1,23.4,0.773,11.5,34.0,45.5,24.8,12.7,7.8,4.6,5.9,20.8,19.6,114.3,1.1,2023-24,111.5,113.7,110.7,112.8,0.9,0.9,0.594,1.95,17.7,0.294,0.722,0.504,0.127,0.529,0.565,101.5,99.59,82.99,8248,0.501
1610612754,Indiana Pacers,82,47,35,0.573,48.1,47.0,92.7,0.507,13.2,35.3,0.374,16.1,20.5,0.782,10.1,31.4,41.5,30.8,12.9,7.7,5.9,5.4,21.4,18.3,123.3,3.0,2023-24,117.9,120.5,115.5,117.6,2.5,2.9,0.654,2.38,21.0,0.284,0.7,0.492,0.126,0.578,0.606,104.2,102.16,85.13,8389,0.517
1610612746,LA Clippers,82,51,31,0.622,48.1,42.4,86.7,0.489,12.6,33.2,0.381,18.3,22.2,0.825,10.0,32.9,43.0,25.6,13.1,7.8,5.0,4.7,18.5,18.7,115.6,3.3,2023-24,116.1,117.9,112.3,114.6,3.9,3.4,0.604,1.95,18.7,0.283,0.705,0.502,0.134,0.561,0.599,99.7,97.93,81.61,8040,0.52
1610612747,Los Angeles Lakers,82,47,35,0.573,48.4,43.7,87.5,0.499,11.8,31.4,0.377,18.9,24.2,0.782,8.2,34.9,43.1,28.5,14.0,7.4,5.5,4.8,15.6,19.7,118.0,0.6,2023-24,113.6,115.4,112.7,114.8,0.9,0.6,0.654,2.04,20.1,0.244,0.725,0.496,0.137,0.566,0.601,103.1,101.38,84.48,8387,0.518
1610612763,Memphis Grizzlies,82,27,55,0.329,48.2,38.4,88.2,0.435,13.1,37.8,0.346,16.0,21.0,0.764,10.9,31.7,42.6,24.7,15.1,8.2,6.1,6.5,19.1,18.8,105.8,-7.0,2023-24,104.2,106.8,111.7,113.7,-7.5,-6.9,0.644,1.64,17.9,0.287,0.706,0.488,0.152,0.509,0.543,100.7,98.68,82.23,8128,0.458
1610612748,Miami Heat,82,46,36,0.561,48.2,39.8,85.6,0.465,12.5,33.7,0.37,18.0,22.0,0.818,9.3,33.0,42.3,25.8,12.7,7.5,3.4,4.7,17.3,18.9,110.1,1.8,2023-24,111.7,113.3,109.5,111.5,2.2,1.8,0.648,2.04,19.1,0.261,0.734,0.498,0.13,0.538,0.578,98.5,96.88,80.73,7975,0.509
1610612749,Milwaukee Bucks,82,49,33,0.598,48.3,43.1,88.5,0.487,14.2,38.1,0.373,18.5,23.9,0.774,9.4,34.8,44.2,26.5,12.9,6.8,5.0,4.2,19.2,19.2,119.0,2.6,2023-24,116.0,117.6,112.8,115.0,3.2,2.6,0.615,2.05,19.0,0.255,0.731,0.499,0.128,0.568,0.601,102.2,100.51,83.76,8295,0.511
1610612750,Minnesota Timberwolves,82,56,26,0.683,48.3,41.3,85.0,0.485,12.6,32.7,0.387,17.8,22.9,0.777,9.4,34.2,43.6,26.6,14.2,7.9,6.1,4.5,18.8,19.9,113.0,6.5,2023-24,113.1,114.6,106.2,108.4,6.9,6.3,0.646,1.88,19.3,0.275,0.725,0.508,0.144,0.559,0.594,99.5,97.79,81.49,8081,0.543
1610612740,New Orleans Pelicans,82,49,33,0.598,48.1,42.5,87.4,0.486,12.5,32.6,0.383,17.6,22.8,0.771,10.4,33.6,44.0,27.0,13.0,8.3,4.6,5.2,18.4,18.4,115.1,4.4,2023-24,115.0,116.5,110.1,111.9,5.0,4.6,0.634,2.07,19.4,0.278,0.725,0.505,0.132,0.558,0.591,100.2,98.7,82.25,8101,0.524
1610612752,New York Knicks,82,50,32,0.61,48.1,41.3,88.7,0.465,13.2,35.8,0.369,17.0,21.8,0.78,12.7,32.5,45.2,24.4,13.2,7.5,4.1,5.3,17.6,19.1,112.8,4.6,2023-24,114.1,117.3,111.2,112.4,2.9,4.9,0.59,1.84,17.8,0.333,0.729,0.527,0.138,0.54,0.574,97.8,95.96,79.97,7883,0.515
1610612760,Oklahoma City Thunder,82,57,25,0.695,48.3,44.5,89.3,0.499,13.3,34.2,0.389,17.7,21.5,0.825,8.8,33.2,42.0,27.1,12.7,8.5,6.6,5.1,18.8,18.9,120.1,7.4,2023-24,117.0,118.3,109.1,111.0,7.9,7.3,0.609,2.14,19.4,0.25,0.698,0.484,0.125,0.573,0.608,102.3,100.85,84.04,8324,0.538
1610612753,Orlando Magic,82,47,35,0.573,48.2,40.5,84.9,0.476,11.0,31.3,0.352,18.5,24.4,0.759,10.5,31.8,42.3,24.7,14.7,8.2,5.2,4.6,19.7,20.9,110.5,2.0,2023-24,110.6,112.9,108.6,110.8,2.0,2.2,0.61,1.68,18.1,0.297,0.737,0.515,0.15,0.541,0.577,99.4,97.37,81.14,8022,0.513
1610612755,Philadelphia 76ers,82,47,35,0.573,48.2,41.5,89.4,0.464,12.1,33.3,0.363,19.5,23.6,0.826,11.0,31.9,43.0,24.9,12.0,8.5,6.0,6.1,20.3,18.5,114.6,3.0,2023-24,113.8,116.2,111.0,113.0,2.8,3.1,0.6,2.07,18.0,0.292,0.701,0.493,0.122,0.532,0.574,100.1,98.17,81.81,8090,0.506
1610612756,Phoenix Suns,82,49,33,0.598,48.2,42.5,86.1,0.493,12.4,32.6,0.382,18.9,23.4,0.808,10.1,33.9,44.1,27.0,14.9,7.4,6.0,4.5,18.0,19.7,116.2,3.1,2023-24,114.9,116.8,111.5,113.7,3.4,3.1,0.637,1.82,19.4,0.292,0.714,0.514,0.15,0.565,0.603,100.8,99.0,82.5,8158,0.527
1610612757,Portland Trail Blazers,82,21,61,0.256,48.5,39.4,89.7,0.439,11.5,33.2,0.345,16.2,20.5,0.791,12.6,30.1,42.7,23.1,15.2,7.6,4.3,6.4,20.2,17.9,106.4,-9.0,2023-24,105.0,107.6,114.5,116.6,-9.5,-9.0,0.587,1.52,16.7,0.32,0.697,0.498,0.154,0.503,0.539,100.0,97.88,81.56,8103,0.434
1610612758,Sacramento Kings,82,46,36,0.561,48.4,43.3,90.9,0.477,14.4,39.3,0.366,15.5,20.9,0.745,10.8,33.2,44.0,28.3,13.1,7.6,4.2,4.5,19.9,18.3,116.6,1.7,2023-24,113.8,116.2,112.9,114.4,0.9,1.8,0.654,2.16,19.9,0.285,0.744,0.507,0.131,0.556,0.582,101.1,99.46,82.88,8226,0.5
1610612759,San Antonio Spurs,82,22,60,0.268,48.4,41.9,90.7,0.462,12.6,36.4,0.347,15.6,20.0,0.782,10.4,33.9,44.2,29.9,15.1,7.1,6.3,4.6,17.2,17.9,112.1,-6.5,2023-24,107.5,109.3,113.8,115.6,-6.3,-6.4,0.712,1.97,20.5,0.269,0.721,0.492,0.148,0.532,0.563,103.5,101.8,84.84,8413,0.48
1610612761,Toronto Raptors,82,25,57,0.305,48.3,42.3,89.7,0.471,11.5,33.1,0.347,16.3,21.6,0.756,10.9,31.8,42.7,28.5,14.0,7.7,4.7,5.8,18.4,18.1,112.4,-6.4,2023-24,109.8,111.8,115.8,118.1,-6.0,-6.3,0.674,2.04,19.9,0.281,0.694,0.484,0.139,0.535,0.566,101.8,99.91,83.26,8241,0.474
1610612762,Utah Jazz,82,31,51,0.378,48.3,42.0,89.9,0.467,12.9,36.5,0.354,18.8,22.6,0.83,12.2,33.2,45.5,27.2,15.7,6.5,5.6,6.4,18.6,19.2,115.7,-4.9,2023-24,112.0,114.5,117.7,119.6,-5.8,-5.1,0.648,1.74,18.9,0.325,0.717,0.521,0.155,0.539,0.579,102.2,100.26,83.55,8281,0.478
1610612764,Washington Wizards,82,15,67,0.183,48.1,43.0,91.4,0.47,12.4,35.5,0.348,15.4,20.2,0.764,9.2,31.9,41.1,27.9,14.0,7.6,5.1,6.0,20.0,18.0,113.7,-9.3,2023-24,108.3,110.2,116.8,118.9,-8.5,-8.7,0.65,2.0,19.5,0.24,0.683,0.459,0.136,0.538,0.567,104.9,103.07,85.89,8461,0.454
1610612737,Atlanta Hawks,82,40,42,0.488,48.2,43.4,91.8,0.472,13.5,37.7,0.358,18.0,23.2,0.775,11.9,32.6,44.5,29.6,15.5,9.7,5.1,4.9,19.1,19.1,118.2,-1.1,2024-25,111.9,113.7,112.6,114.8,-0.8,-1.1,0.682,1.91,19.9,0.3,0.715,0.503,0.149,0.546,0.579,105.2,103.41,86.17,8521,0.498
1610612738,Boston Celtics,82,61,21,0.744,48.4,41.6,90.0,0.462,17.8,48.2,0.368,15.3,19.1,0.799,11.4,33.9,45.3,26.1,11.9,7.2,5.5,3.6,15.9,17.5,116.3,9.1,2024-25,117.5,119.5,108.0,110.1,9.6,9.4,0.628,2.2,19.0,0.291,0.717,0.506,0.122,0.561,0.591,98.3,96.59,80.49,7979,0.542
1610612751,Brooklyn Nets,82,26,56,0.317,48.2,37.6,86.1,0.437,13.6,39.4,0.344,16.3,20.7,0.787,10.9,30.4,41.3,25.2,15.2,7.8,4.3,5.6,20.7,18.9,105.1,-7.1,2024-25,105.7,108.1,112.8,115.4,-7.1,-7.3,0.669,1.66,18.4,0.294,0.699,0.487,0.156,0.516,0.552,99.0,96.73,80.61,7970,0.452
1610612766,Charlotte Hornets,82,19,63,0.232,48.2,38.3,89.1,0.43,13.0,38.3,0.339,15.5,19.8,0.783,12.2,33.0,45.2,24.3,15.5,7.4,4.5,5.3,18.7,18.1,105.1,-9.1,2024-25,104.0,106.7,113.8,115.7,-9.9,-9.1,0.635,1.57,17.5,0.308,0.705,0.5,0.157,0.503,0.537,100.3,98.22,81.85,8079,0.45
1610612741,Chicago Bulls,82,39,43,0.476,48.2,43.2,92.0,0.47,15.4,42.0,0.367,16.0,19.7,0.809,10.1,35.8,45.9,29.1,14.7,7.6,4.7,5.1,17.6,16.8,117.8,-1.6,2024-25,111.9,113.2,112.5,114.8,-0.6,-1.6,0.673,1.98,19.9,0.26,0.722,0.496,0.141,0.553,0.585,105.3,103.61,86.34,8532,0.495
1610612739,Cleveland Cavaliers,82,64,18,0.78,48.2,44.5,90.8,0.491,15.9,41.5,0.383,17.0,21.9,0.776,11.2,34.2,45.4,28.1,13.2,8.2,4.3,4.4,18.1,18.9,121.9,9.5,2024-25,119.1,121.0,109.0,111.8,10.1,9.2,0.631,2.13,19.6,0.296,0.7,0.505,0.131,0.578,0.607,102.4,100.31,83.59,8267,0.546
1610612742,Dallas Mavericks,82,39,43,0.476,48.1,42.0,87.7,0.479,12.4,34.2,0.364,17.8,23.1,0.77,10.1,33.0,43.0,25.2,14.0,7.8,5.4,4.6,17.8,18.7,114.2,-1.2,2024-25,112.1,113.7,113.0,115.0,-0.9,-1.3,0.601,1.8,18.2,0.271,0.694,0.488,0.14,0.549,0.583,101.7,100.15,83.46,8238,0.496
1610612743,Denver Nuggets,82,50,32,0.61,48.4,45.4,89.8,0.506,12.0,31.9,0.376,17.9,23.3,0.77,11.2,34.5,45.7,31.0,14.3,8.0,4.9,5.1,17.6,19.0,120.8,3.9,2024-25,117.2,118.9,113.1,115.1,4.1,3.8,0.683,2.17,21.1,0.311,0.709,0.52,0.14,0.573,0.604,102.3,100.67,83.89,8328,0.529
1610612765,Detroit Pistons,82,44,38,0.537,48.3,42.7,89.8,0.476,12.8,35.4,0.362,17.2,22.3,0.774,11.4,33.4,44.8,26.4,14.9,8.0,5.3,5.0,20.7,18.9,115.5,1.9,2024-25,112.0,114.6,110.1,112.5,1.9,2.1,0.618,1.78,18.6,0.305,0.714,0.511,0.147,0.547,0.58,102.5,100.27,83.56,8268,0.509
1610612744,Golden State Warriors,82,48,34,0.585,48.1,40.8,90.4,0.451,15.4,42.4,0.364,16.9,22.1,0.764,12.5,32.8,45.4,29.1,14.0,9.4,4.8,5.4,19.2,18.6,113.8,3.3,2024-25,112.0,114.2,108.9,111.0,3.1,3.2,0.714,2.07,20.1,0.314,0.716,0.509,0.141,0.536,0.568,101.3,99.37,82.81,8173,0.515
1610612745,Houston Rockets,82,52,30,0.634,48.2,42.5,93.4,0.455,12.7,35.8,0.353,16.7,22.6,0.738,14.6,33.8,48.5,23.3,13.9,8.4,5.0,5.7,19.0,19.2,114.3,4.5,2024-25,111.4,114.9,108.0,110.3,3.4,4.6,0.549,1.68,16.4,0.363,0.715,0.533,0.14,0.523,0.553,101.6,99.03,82.53,8159,0.515
1610612754,Indiana Pacers,82,50,32,0.61,48.4,43.6,89.3,0.488,13.2,35.8,0.368,17.0,21.6,0.789,9.2,32.7,41.8,29.2,13.2,8.5,5.5,4.5,18.7,18.8,117.4,2.2,2024-25,114.1,115.4,111.3,113.3,2.8,2.1,0.671,2.22,20.5,0.254,0.705,0.483,0.13,0.562,0.594,102.2,100.76,83.97,8341,0.521
1610612746,LA Clippers,82,50,32,0.61,48.3,41.6,86.3,0.482,12.5,33.4,0.373,17.3,21.7,0.797,10.3,33.5,43.8,25.2,14.9,9.4,4.5,4.3,18.3,17.8,112.9,4.7,2024-25,112.4,114.3,107.9,109.4,4.5,4.9,0.605,1.69,18.4,0.282,0.734,0.512,0.151,0.554,0.589,99.7,98.24,81.87,8099,0.521
1610612747,Los Angeles Lakers,82,50,32,0.61,48.1,40.9,85.5,0.479,13.3,36.4,0.366,18.2,23.2,0.785,9.7,32.8,42.4,26.0,14.0,7.7,4.5,4.2,17.3,19.2,113.4,1.2,2024-25,113.4,115.0,111.4,113.8,2.1,1.2,0.635,1.86,18.9,0.273,0.702,0.495,0.142,0.557,0.593,100.1,98.34,81.95,8084,0.511
1610612763,Memphis Grizzlies,82,48,34,0.585,48.1,44.8,93.3,0.479,13.9,37.9,0.367,18.3,23.3,0.786,12.9,34.4,47.3,28.4,15.7,8.9,5.6,5.5,20.9,20.2,121.7,4.9,2024-25,114.4,117.2,110.0,112.6,4.4,4.7,0.635,1.81,19.1,0.33,0.702,0.518,0.151,0.554,0.588,106.2,103.69,86.4,8513,0.524
1610612748,Miami Heat,82,37,45,0.451,48.6,40.5,87.0,0.465,13.7,37.3,0.367,16.0,20.2,0.791,9.7,33.7,43.4,26.4,13.6,8.1,3.8,4.7,15.5,17.0,110.6,0.6,2024-25,110.8,112.4,110.6,112.0,0.3,0.4,0.653,1.94,19.2,0.263,0.724,0.496,0.138,0.544,0.576,98.4,97.08,80.9,8066,0.505
1610612749,Milwaukee Bucks,82,48,34,0.585,48.2,42.0,86.4,0.486,14.2,36.6,0.387,17.3,23.1,0.75,8.2,35.1,43.4,25.5,13.4,7.3,4.7,3.8,17.9,18.9,115.5,2.5,2024-25,113.6,115.1,110.9,112.7,2.7,2.4,0.607,1.91,18.7,0.235,0.725,0.491,0.133,0.568,0.598,101.4,99.92,83.26,8228,0.513
1610612750,Minnesota Timberwolves,82,49,33,0.598,48.4,41.0,87.6,0.468,15.0,39.9,0.377,17.2,21.8,0.789,11.1,33.2,44.3,26.1,14.5,8.0,5.0,4.5,18.3,19.2,114.3,5.0,2024-25,113.6,115.7,108.6,110.8,5.0,5.0,0.637,1.81,18.7,0.3,0.709,0.507,0.146,0.554,0.588,99.8,97.95,81.62,8097,0.524
1610612740,New Orleans Pelicans,82,21,61,0.256,48.2,40.6,89.9,0.452,12.0,34.6,0.347,16.5,21.9,0.754,12.1,31.5,43.6,25.8,14.6,8.5,5.2,5.2,18.3,17.9,109.8,-9.4,2024-25,107.6,109.7,116.6,119.1,-9.0,-9.4,0.636,1.76,18.3,0.303,0.682,0.487,0.146,0.519,0.552,101.8,99.77,83.14,8212,0.455
1610612752,New York Knicks,82,51,31,0.622,48.5,43.3,89.2,0.486,12.6,34.1,0.369,16.5,20.7,0.8,10.9,31.8,42.6,27.5,13.3,8.2,4.0,5.0,17.2,19.0,115.8,4.1,2024-25,115.0,117.3,111.8,113.3,3.2,4.0,0.634,2.07,19.6,0.305,0.71,0.508,0.134,0.556,0.589,99.3,97.64,81.37,8093,0.527
1610612760,Oklahoma City Thunder,82,68,14,0.829,48.1,44.6,92.7,0.482,14.5,38.8,0.374,16.7,20.4,0.819,10.6,34.2,44.8,26.9,11.7,10.3,5.7,4.8,19.9,18.1,120.5,12.9,2024-25,117.3,119.2,104.7,106.6,12.6,12.7,0.602,2.29,18.9,0.281,0.704,0.496,0.116,0.56,0.593,102.6,100.9,84.09,8286,0.562
1610612753,Orlando Magic,82,41,41,0.5,48.1,38.2,85.8,0.445,11.2,35.3,0.318,17.9,23.0,0.775,11.1,30.7,41.8,23.0,14.2,8.9,6.0,4.4,20.1,20.3,105.4,-0.1,2024-25,106.5,108.9,106.8,109.1,-0.3,-0.2,0.603,1.62,17.1,0.302,0.72,0.501,0.147,0.51,0.55,98.6,96.51,80.43,7935,0.497
1610612755,Philadelphia 76ers,82,24,58,0.293,48.3,39.7,87.4,0.454,12.7,37.2,0.341,17.5,22.5,0.78,10.4,29.4,39.8,23.2,13.6,9.2,4.5,5.1,19.0,18.7,109.6,-6.2,2024-25,109.0,111.0,115.2,117.3,-6.1,-6.3,0.584,1.7,17.1,0.279,0.678,0.471,0.138,0.527,0.563,99.9,98.13,81.77,8098,0.459
1610612756,Phoenix Suns,82,36,46,0.439,48.4,41.2,86.3,0.478,14.3,38.0,0.378,16.8,20.8,0.81,9.5,32.9,42.5,27.8,14.1,7.2,4.8,4.0,17.9,18.4,113.6,-3.0,2024-25,113.7,114.7,116.2,117.7,-2.5,-3.0,0.673,1.97,20.0,0.264,0.709,0.493,0.142,0.561,0.595,99.4,98.31,81.93,8121,0.495
1610612757,Portland Trail Blazers,82,36,46,0.439,48.2,40.5,90.2,0.45,12.9,37.7,0.342,16.9,22.2,0.762,13.4,31.4,44.8,23.8,16.0,8.3,5.3,5.5,19.0,19.3,110.9,-3.0,2024-25,108.1,111.0,111.9,113.7,-3.8,-2.7,0.587,1.49,16.9,0.332,0.682,0.501,0.16,0.521,0.555,101.6,99.51,82.92,8192,0.473
1610612758,Sacramento Kings,82,40,42,0.488,48.5,43.0,90.1,0.478,12.6,35.2,0.357,17.1,21.2,0.806,11.0,33.2,44.2,26.5,13.3,7.6,4.4,4.3,18.9,18.5,115.7,0.5,2024-25,113.8,115.9,113.5,115.3,0.3,0.6,0.615,1.99,18.8,0.294,0.728,0.51,0.133,0.548,0.582,100.6,98.91,82.42,8189,0.502
1610612759,San Antonio Spurs,82,34,48,0.415,48.1,41.8,89.8,0.465,14.1,39.6,0.357,16.2,21.0,0.774,10.9,32.7,43.7,28.6,13.9,8.2,5.5,4.3,16.6,17.4,113.9,-2.8,2024-25,111.7,113.5,114.1,116.3,-2.4,-2.8,0.685,2.06,20.1,0.278,0.69,0.485,0.138,0.544,0.575,101.9,100.08,83.4,8231,0.493
1610612761,Toronto Raptors,82,30,52,0.366,48.3,41.6,91.0,0.458,11.8,34.0,0.348,15.8,21.1,0.748,12.6,32.5,45.1,28.5,15.3,8.1,4.2,5.9,21.2,18.1,110.9,-4.3,2024-25,107.6,109.6,111.7,113.6,-4.1,-4.1,0.685,1.86,19.6,0.311,0.696,0.5,0.152,0.522,0.553,102.4,100.62,83.85,8297,0.477
1610612762,Utah Jazz,82,17,65,0.207,48.3,40.3,88.7,0.454,14.0,39.8,0.35,17.3,22.4,0.774,12.0,33.4,45.4,25.5,17.2,6.8,4.4,6.4,18.9,19.3,111.9,-9.3,2024-25,107.8,110.2,117.7,119.4,-9.9,-9.2,0.633,1.48,17.9,0.311,0.705,0.508,0.17,0.533,0.568,102.7,100.85,84.04,8322,0.45
1610612764,Washington Wizards,82,18,64,0.22,48.1,39.4,89.9,0.439,13.1,39.1,0.335,16.0,20.6,0.778,10.6,33.1,43.7,25.1,15.6,7.6,5.1,5.2,19.7,18.2,108.0,-12.4,2024-25,103.9,105.8,116.2,118.0,-12.3,-12.2,0.637,1.61,17.8,0.272,0.685,0.476,0.152,0.512,0.546,103.5,101.82,84.85,8371,0.437
1610612737,Atlanta Hawks,82,46,36,0.561,48.2,43.6,92.0,0.474,14.6,39.5,0.371,16.6,21.5,0.774,11.0,32.6,43.5,30.1,14.2,9.4,4.7,4.9,19.7,18.5,118.5,2.4,2025-26,113.2,115.0,111.0,112.9,2.3,2.2,0.691,2.13,20.4,0.291,0.702,0.495,0.138,0.554,0.584,104.2,102.5,85.42,8444,0.51
1610612738,Boston Celtics,82,56,26,0.683,48.1,42.1,90.2,0.467,15.5,42.1,0.367,15.1,18.7,0.807,12.5,33.9,46.4,24.6,12.4,7.1,5.0,4.1,19.0,18.4,114.9,7.7,2025-26,116.8,120.0,109.7,111.7,7.1,8.3,0.585,1.99,18.0,0.336,0.71,0.525,0.129,0.553,0.583,97.7,95.58,79.65,7850,0.536
1610612751,Brooklyn Nets,82,20,62,0.244,48.2,37.5,84.5,0.443,13.1,38.4,0.34,17.9,23.0,0.78,10.3,29.0,39.3,25.0,15.8,8.0,4.3,5.3,21.1,19.5,105.9,-10.0,2025-26,105.8,108.2,116.0,118.2,-10.2,-10.0,0.668,1.59,18.3,0.287,0.687,0.478,0.161,0.52,0.559,99.6,97.6,81.34,8028,0.436
1610612766,Charlotte Hornets,82,44,38,0.537,48.2,40.9,88.9,0.46,16.4,43.3,0.378,17.8,21.7,0.818,12.8,33.3,46.1,26.3,15.4,7.0,4.5,4.4,19.1,19.8,116.0,4.8,2025-26,114.7,118.4,111.9,113.5,2.9,4.9,0.643,1.71,18.6,0.358,0.722,0.539,0.157,0.552,0.589,99.9,97.6,81.34,8034,0.516
1610612741,Chicago Bulls,82,31,51,0.378,48.2,42.4,90.5,0.469,14.3,40.1,0.356,17.3,22.2,0.776,10.4,34.7,45.0,28.5,15.3,7.6,5.0,5.6,19.0,18.8,116.3,-5.2,2025-26,110.5,112.1,115.1,117.4,-4.6,-5.3,0.672,1.86,19.5,0.279,0.708,0.496,0.148,0.547,0.58,105.0,103.22,86.01,8506,0.48
1610612739,Cleveland Cavaliers,82,52,30,0.634,48.2,43.3,90.0,0.482,14.3,39.8,0.36,18.5,23.9,0.776,11.7,32.7,44.4,28.3,14.0,8.5,5.0,4.3,19.6,20.5,119.5,4.1,2025-26,116.3,118.3,111.9,114.1,4.4,4.1,0.653,2.02,19.7,0.307,0.692,0.502,0.138,0.561,0.595,102.6,100.7,83.91,8286,0.522
1610612742,Dallas Mavericks,82,26,56,0.317,48.4,41.9,89.8,0.466,11.0,31.9,0.344,19.5,25.8,0.755,10.5,34.2,44.7,25.3,14.5,7.5,5.2,5.3,18.4,21.0,114.1,-5.5,2025-26,108.5,110.3,113.9,115.5,-5.4,-5.2,0.604,1.74,17.7,0.279,0.702,0.492,0.141,0.527,0.564,104.2,102.63,85.53,8484,0.477
1610612743,Denver Nuggets,82,54,28,0.659,48.6,43.5,87.8,0.496,14.2,35.8,0.396,20.8,25.8,0.808,9.8,34.2,44.0,29.0,12.9,6.8,4.0,4.6,19.1,21.5,122.1,5.1,2025-26,119.4,121.2,114.7,116.0,4.7,5.2,0.665,2.25,20.3,0.286,0.717,0.511,0.128,0.577,0.616,100.8,99.49,82.91,8259,0.529
1610612765,Detroit Pistons,82,60,22,0.732,48.3,43.4,89.5,0.485,11.0,30.9,0.356,19.9,26.1,0.763,13.1,32.5,45.6,27.8,15.1,10.4,6.4,5.8,22.0,21.3,117.8,8.2,2025-26,114.3,117.3,106.6,108.9,7.6,8.4,0.641,1.84,19.1,0.354,0.689,0.524,0.151,0.546,0.583,102.3,99.88,83.23,8231,0.552
1610612744,Golden State Warriors,82,37,45,0.451,48.3,40.9,88.8,0.461,15.7,44.1,0.356,17.0,21.1,0.807,11.4,31.0,42.3,28.9,15.7,9.7,4.2,4.2,19.6,18.6,114.6,-0.6,2025-26,112.0,113.8,112.6,114.4,-0.6,-0.5,0.706,1.85,20.0,0.302,0.684,0.49,0.156,0.549,0.584,101.7,100.05,83.37,8255,0.495
1610612745,Houston Rockets,82,52,30,0.634,48.5,43.0,89.8,0.479,11.5,31.5,0.364,17.8,23.4,0.763,15.0,33.1,48.1,25.4,15.4,8.5,5.8,4.7,18.3,20.0,115.2,5.2,2025-26,114.8,117.5,110.2,112.1,4.6,5.4,0.591,1.65,17.8,0.388,0.701,0.545,0.157,0.542,0.576,99.0,96.98,80.82,8042,0.533
1610612754,Indiana Pacers,82,19,63,0.232,48.2,40.8,89.1,0.458,13.4,37.6,0.356,17.4,22.5,0.776,9.8,32.1,41.9,27.7,14.5,7.4,4.6,4.8,20.9,19.9,112.4,-8.0,2025-26,108.5,110.1,115.7,117.9,-7.3,-7.8,0.678,1.91,19.4,0.263,0.695,0.475,0.142,0.533,0.568,103.4,101.78,84.81,8377,0.465
1610612746,LA Clippers,82,42,40,0.512,48.2,40.5,83.6,0.484,12.4,33.8,0.368,20.3,24.7,0.823,9.6,31.0,40.6,23.7,14.3,9.0,4.9,4.6,18.9,20.1,113.8,1.1,2025-26,114.6,116.3,112.8,115.2,1.8,1.1,0.586,1.66,17.7,0.284,0.681,0.49,0.147,0.559,0.602,99.1,97.29,81.07,8019,0.508
1610612747,Los Angeles Lakers,82,53,29,0.646,48.1,42.0,83.7,0.502,11.8,32.9,0.359,20.4,26.8,0.763,9.4,31.5,41.0,25.9,14.5,8.5,4.3,3.5,18.5,21.0,116.3,1.8,2025-26,115.7,117.0,113.3,115.5,2.4,1.5,0.615,1.79,18.7,0.285,0.7,0.499,0.146,0.573,0.609,100.7,99.22,82.68,8156,0.513
1610612763,Memphis Grizzlies,82,25,57,0.305,48.1,41.3,90.6,0.456,13.9,39.5,0.353,18.0,22.8,0.793,11.2,31.0,42.1,27.8,15.1,8.8,4.8,5.3,20.5,19.5,114.7,-6.0,2025-26,109.7,112.4,115.8,118.4,-6.1,-6.0,0.673,1.85,19.2,0.301,0.663,0.478,0.148,0.533,0.57,104.1,101.69,84.74,8365,0.47
1610612748,Miami Heat,82,43,39,0.524,48.1,43.7,93.3,0.468,13.7,37.9,0.361,19.8,25.0,0.792,11.8,34.5,46.3,29.0,13.7,8.6,4.3,4.9,18.9,20.3,120.9,2.3,2025-26,113.9,115.8,111.5,113.6,2.4,2.1,0.663,2.12,19.5,0.296,0.703,0.499,0.131,0.542,0.58,106.1,104.23,86.86,8562,0.514
1610612749,Milwaukee Bucks,82,32,50,0.39,48.2,40.8,85.5,0.477,15.1,39.1,0.387,13.9,19.1,0.73,8.9,31.8,40.7,25.8,15.2,7.4,4.0,4.1,19.7,17.6,110.6,-6.2,2025-26,110.4,112.2,116.4,118.3,-6.0,-6.1,0.633,1.7,18.9,0.263,0.695,0.482,0.154,0.565,0.589,99.9,98.33,81.94,8087,0.464
1610612750,Minnesota Timberwolves,82,49,33,0.598,48.2,42.6,88.5,0.481,13.8,37.2,0.37,19.0,25.3,0.752,11.1,33.0,44.1,26.1,14.8,8.7,5.8,4.1,21.2,20.5,118.0,3.4,2025-26,114.1,115.6,110.2,112.5,4.0,3.1,0.612,1.76,18.3,0.302,0.691,0.499,0.145,0.559,0.592,103.2,101.5,84.59,8372,0.516
1610612740,New Orleans Pelicans,82,26,56,0.317,48.3,42.1,90.5,0.466,11.1,32.1,0.347,20.1,25.7,0.784,12.2,31.7,43.9,25.1,14.2,8.9,5.2,5.8,19.9,20.2,115.5,-4.5,2025-26,111.4,113.3,115.5,117.6,-4.2,-4.4,0.596,1.77,17.6,0.311,0.674,0.491,0.139,0.527,0.568,103.2,101.37,84.47,8363,0.48
1610612752,New York Knicks,82,53,29,0.646,48.2,42.7,89.4,0.478,14.2,38.2,0.373,16.8,21.3,0.792,12.7,32.9,45.6,27.4,13.6,8.1,3.9,4.3,20.0,19.5,116.5,6.3,2025-26,116.8,118.7,110.2,112.3,6.6,6.4,0.643,2.01,19.4,0.328,0.715,0.522,0.139,0.557,0.59,99.4,97.71,81.43,8046,0.533
1610612760,Oklahoma City Thunder,82,64,18,0.78,48.4,43.1,89.1,0.484,13.8,37.9,0.365,19.0,23.2,0.817,9.6,34.6,44.1,25.8,12.6,9.7,5.5,4.4,19.0,20.4,119.0,11.1,2025-26,116.3,117.6,104.8,106.5,11.5,11.1,0.598,2.05,18.5,0.264,0.697,0.49,0.124,0.561,0.599,101.7,100.37,83.64,8301,0.562
1610612753,Orlando Magic,82,45,37,0.549,48.4,41.0,88.3,0.464,11.7,34.1,0.343,22.0,27.5,0.801,11.0,32.4,43.4,26.5,14.2,8.5,4.7,5.4,21.0,21.9,115.7,0.6,2025-26,111.7,114.2,111.6,113.6,0.1,0.6,0.647,1.87,18.6,0.306,0.71,0.505,0.14,0.531,0.576,102.6,100.56,83.8,8310,0.505
1610612755,Philadelphia 76ers,82,45,37,0.549,48.5,41.7,90.3,0.462,12.3,35.3,0.349,20.1,24.8,0.809,11.8,31.8,43.6,24.6,13.6,9.1,5.7,5.1,20.3,19.9,115.9,-0.2,2025-26,112.5,114.3,112.0,114.4,0.4,-0.1,0.589,1.81,17.4,0.306,0.678,0.491,0.134,0.53,0.572,102.3,100.4,83.67,8315,0.497
1610612756,Phoenix Suns,82,45,37,0.549,48.2,41.0,90.1,0.455,14.8,40.8,0.361,15.8,20.3,0.781,13.0,30.1,43.1,24.6,14.5,9.5,4.2,4.5,20.6,18.9,112.6,1.5,2025-26,112.0,114.2,110.7,112.9,1.3,1.4,0.601,1.7,17.6,0.331,0.677,0.498,0.147,0.537,0.568,100.1,98.14,81.79,8083,0.495
1610612757,Portland Trail Blazers,82,42,40,0.512,48.2,40.9,90.1,0.453,14.5,42.2,0.343,19.3,25.2,0.765,14.1,31.9,46.0,25.1,17.3,8.3,5.5,5.7,19.9,22.0,115.5,-0.3,2025-26,110.6,113.1,111.7,113.5,-1.1,-0.4,0.616,1.46,17.3,0.354,0.688,0.517,0.169,0.534,0.57,103.6,101.63,84.69,8370,0.488
1610612758,Sacramento Kings,82,22,60,0.268,48.2,41.6,89.0,0.467,10.3,30.2,0.34,17.6,22.8,0.772,11.5,30.8,42.3,25.5,14.3,8.0,4.5,4.7,19.7,18.3,111.0,-10.0,2025-26,109.0,110.6,118.0,120.3,-9.0,-9.7,0.615,1.78,18.2,0.298,0.685,0.487,0.143,0.525,0.56,101.8,100.12,83.43,8233,0.455
1610612759,San Antonio Spurs,82,62,20,0.756,48.1,43.4,89.9,0.483,13.6,37.9,0.359,19.3,24.6,0.787,11.4,35.6,47.0,28.1,13.5,7.5,5.5,4.6,18.9,20.2,119.8,8.3,2025-26,116.6,118.7,108.5,110.4,8.1,8.4,0.646,2.09,19.5,0.306,0.724,0.521,0.133,0.559,0.595,102.5,100.72,83.93,8275,0.542
1610612761,Toronto Raptors,82,46,36,0.561,48.2,42.6,88.4,0.482,11.4,32.1,0.354,18.0,23.4,0.769,10.9,31.2,42.1,29.5,13.7,8.8,4.8,5.0,20.9,19.8,114.6,2.8,2025-26,113.0,115.0,110.0,112.1,2.9,2.9,0.692,2.16,20.5,0.3,0.693,0.496,0.137,0.546,0.581,101.0,99.22,82.68,8177,0.522
1610612762,Utah Jazz,82,22,60,0.268,48.4,42.5,91.1,0.467,12.6,36.7,0.345,19.9,25.3,0.786,12.0,31.8,43.8,29.6,15.5,8.9,3.8,5.8,21.1,20.3,117.6,-8.4,2025-26,111.2,112.7,119.3,120.8,-8.0,-8.2,0.696,1.91,19.9,0.298,0.693,0.492,0.149,0.536,0.575,104.9,103.54,86.28,8558,0.464
1610612764,Washington Wizards,82,17,65,0.207,48.2,41.8,90.4,0.463,13.0,36.4,0.359,16.2,21.2,0.766,11.0,30.9,41.9,25.0,15.7,8.0,5.5,5.4,21.3,17.9,112.9,-12.0,2025-26,108.2,109.7,119.6,121.5,-11.4,-11.8,0.599,1.6,17.6,0.285,0.664,0.471,0.152,0.535,0.566,104.0,102.49,85.41,8442,0.433
