TEAM_ID,TEAM_NAME,GP,W,L,W_PCT,MIN,FGM,FGA,FG_PCT,FG3M,FG3A,FG3_PCT,FTM,FTA,FT_PCT,OREB,DREB,REB,AST,TOV,STL,BLK,BLKA,PF,PFD,PTS,PLUS_MINUS,GP_RANK,W_RANK,L_RANK,W_PCT_RANK,MIN_RANK,FGM_RANK,FGA_RANK,FG_PCT_RANK,FG3M_RANK,FG3A_RANK,FG3_PCT_RANK,FTM_RANK,FTA_RANK,FT_PCT_RANK,OREB_RANK,DREB_RANK,REB_RANK,AST_RANK,TOV_RANK,STL_RANK,BLK_RANK,BLKA_RANK,PF_RANK,PFD_RANK,PTS_RANK,PLUS_MINUS_RANK,SEASON
1610612737,Atlanta Hawks,10,4,6,0.4,48.5,36.6,84.8,0.432,10.6,31.8,0.333,16.3,20.5,0.795,8.9,35.4,44.3,22.6,14.4,7.5,7.6,5.5,20.2,20.9,100.1,-1.0,7,8,11,10,4,8,6,10,4,2,8,12,14,4,13,1,6,2,12,9,1,12,5,10,6,8,2015-16
1610612738,Boston Celtics,6,2,4,0.333,48.8,34.3,89.5,0.384,8.7,31.5,0.275,16.5,21.0,0.786,10.7,35.3,46.0,21.0,14.7,6.3,6.5,8.7,22.0,20.0,93.8,-6.7,11,11,1,11,2,11,1,16,6,3,15,10,13,6,8,2,5,7,14,11,3,15,12,13,10,11,2015-16
1610612766,Charlotte Hornets,7,3,4,0.429,48.0,31.9,80.4,0.396,5.7,18.6,0.308,20.9,24.9,0.839,7.1,29.7,36.9,13.6,9.4,5.7,3.3,7.1,17.4,21.6,90.3,-8.9,9,9,1,8,7,16,14,13,14,15,10,2,5,1,15,13,15,16,1,14,14,14,1,7,15,13,2015-16
1610612739,Cleveland Cavaliers,21,16,5,0.762,48.0,38.3,81.8,0.469,12.3,30.2,0.406,15.8,21.8,0.725,10.7,32.6,43.3,21.2,12.5,7.8,4.2,4.5,19.6,21.0,104.8,8.6,2,1,10,1,7,3,9,3,2,5,2,14,11,11,7,9,8,6,6,5,9,5,4,9,4,2,2015-16
1610612742,Dallas Mavericks,5,1,4,0.2,48.0,35.4,81.2,0.436,6.2,21.4,0.29,16.8,24.2,0.694,9.2,25.8,35.0,20.6,11.8,6.0,2.4,4.6,24.0,22.4,93.8,-18.2,13,13,1,13,7,10,12,9,13,10,14,9,7,13,10,16,16,8,5,13,16,7,15,2,11,14,2015-16
1610612765,Detroit Pistons,4,0,4,0.0,48.0,36.0,75.3,0.478,8.8,23.3,0.376,14.3,22.0,0.648,7.0,30.8,37.8,21.8,10.5,5.3,3.3,2.5,19.0,20.3,95.0,-8.5,15,15,1,15,7,9,15,1,5,8,6,15,10,14,16,11,14,3,3,16,15,1,3,12,9,12,2015-16
1610612744,Golden State Warriors,24,15,9,0.625,48.2,38.9,85.6,0.455,12.8,32.4,0.393,17.1,23.3,0.735,10.5,32.7,43.2,24.3,14.0,8.0,5.5,5.2,22.0,22.1,107.7,4.4,1,2,15,2,6,1,3,5,1,1,3,8,9,10,9,8,9,1,11,4,6,10,11,4,1,4,2015-16
1610612745,Houston Rockets,5,1,4,0.2,48.0,33.0,85.6,0.386,7.6,28.4,0.268,17.6,27.4,0.642,14.4,33.0,47.4,18.0,19.0,8.4,4.2,5.4,25.6,22.2,91.2,-18.8,13,13,1,13,7,13,4,15,10,6,16,7,3,15,1,7,2,12,16,3,10,11,16,3,14,15,2015-16
1610612754,Indiana Pacers,7,3,4,0.429,48.0,33.0,74.9,0.441,8.1,21.3,0.383,19.6,23.9,0.82,9.1,30.1,39.3,18.1,14.4,7.6,5.6,4.6,22.3,21.7,93.7,1.4,9,9,1,8,7,13,16,7,9,11,4,3,8,2,11,12,13,11,13,8,5,6,13,6,12,6,2015-16
1610612746,LA Clippers,6,2,4,0.333,48.0,37.2,85.0,0.437,5.7,19.5,0.291,18.3,29.3,0.625,11.3,34.8,46.2,18.2,9.7,8.5,4.7,3.5,20.5,23.8,98.3,1.0,11,11,1,11,7,5,5,8,15,12,13,5,1,16,5,4,4,10,2,2,8,3,7,1,7,7,2015-16
1610612763,Memphis Grizzlies,4,0,4,0.0,48.0,32.0,81.3,0.394,4.8,16.0,0.297,12.3,17.5,0.7,13.8,27.3,41.0,16.5,15.5,7.8,4.0,9.3,21.5,17.5,81.0,-22.0,15,15,1,15,7,15,11,14,16,16,12,16,16,12,2,15,10,13,15,6,11,16,9,16,16,16,2015-16
1610612748,Miami Heat,14,7,7,0.5,49.1,36.9,80.5,0.458,6.9,19.1,0.358,16.3,21.3,0.765,9.1,35.1,44.2,16.4,13.1,5.4,5.9,3.4,21.2,19.6,96.9,3.1,5,5,13,5,1,7,13,4,11,13,7,13,12,7,12,3,7,14,9,15,4,2,8,15,8,5,2015-16
1610612760,Oklahoma City Thunder,18,11,7,0.611,48.0,38.2,84.5,0.452,8.3,24.9,0.333,21.7,27.6,0.786,12.5,34.4,46.9,20.5,13.9,7.7,5.4,4.0,20.3,21.2,106.4,5.3,4,3,13,3,7,4,7,6,7,7,9,1,2,5,4,6,3,9,10,7,7,4,6,8,2,3,2015-16
1610612757,Portland Trail Blazers,11,5,6,0.455,48.5,37.1,89.1,0.416,11.9,31.3,0.381,18.9,25.5,0.74,12.9,34.7,47.6,21.5,13.1,6.2,3.9,5.9,23.5,21.8,105.0,-2.5,6,7,11,7,5,6,2,12,3,4,5,4,4,8,3,5,1,4,8,12,12,13,14,5,3,9,2015-16
1610612759,San Antonio Spurs,10,6,4,0.6,48.0,38.7,82.5,0.469,8.2,19.1,0.429,16.4,20.5,0.8,7.9,31.6,39.5,21.3,11.6,9.1,7.0,4.7,18.2,19.9,102.0,9.1,7,6,1,4,7,2,8,2,8,14,1,11,14,3,14,10,12,5,4,1,2,8,2,14,5,1,2015-16
1610612761,Toronto Raptors,20,10,10,0.5,48.8,34.3,81.4,0.421,6.9,23.0,0.298,18.1,24.5,0.737,10.8,29.6,40.4,15.7,13.0,7.5,3.7,4.9,21.9,20.5,93.4,-4.3,3,4,16,5,3,12,10,11,12,9,11,6,6,9,6,14,11,15,7,9,13,9,10,11,13,10,2015-16
1610612737,Atlanta Hawks,6,2,4,0.333,48.0,37.5,84.5,0.444,8.3,27.3,0.305,22.2,29.0,0.764,11.3,33.0,44.3,22.3,16.0,6.0,3.3,7.5,21.3,24.8,105.5,-1.2,10,10,2,10,6,8,8,12,13,7,15,1,1,12,5,4,4,5,16,15,13,15,9,1,7,8,2016-17
1610612738,Boston Celtics,18,9,9,0.5,48.3,38.4,84.1,0.457,12.7,34.4,0.369,15.7,20.3,0.773,9.4,28.5,37.9,26.9,13.4,7.7,4.1,5.2,20.8,19.0,105.2,-2.9,1,3,16,5,5,7,9,7,3,2,6,15,14,8,9,15,14,2,10,8,11,12,5,13,8,9,2016-17
1610612741,Chicago Bulls,6,2,4,0.333,48.0,36.3,82.5,0.44,7.0,23.5,0.298,16.8,19.8,0.849,12.5,34.2,46.7,20.0,15.3,7.2,5.2,3.7,18.3,17.2,96.5,-6.8,10,10,2,10,6,11,11,14,16,13,16,12,16,2,2,2,1,9,15,13,4,3,1,16,14,13,2016-17
1610612739,Cleveland Cavaliers,18,13,5,0.722,48.0,40.9,83.1,0.493,14.2,33.9,0.42,20.1,26.2,0.767,9.2,32.9,42.2,22.1,13.1,7.4,4.7,3.8,18.8,22.3,116.2,7.9,1,2,10,2,6,2,10,2,1,4,1,4,3,11,11,6,9,6,7,10,8,4,3,4,2,2,2016-17
1610612744,Golden State Warriors,17,16,1,0.941,48.0,42.9,87.0,0.494,12.7,32.9,0.386,20.7,25.4,0.815,9.3,36.5,45.8,28.2,13.6,8.7,6.1,3.8,21.8,21.6,119.3,13.5,3,1,1,1,6,1,4,1,4,5,4,2,5,3,10,1,2,1,11,1,3,5,12,5,1,1,2016-17
1610612745,Houston Rockets,11,6,5,0.545,48.5,37.3,85.0,0.439,12.8,38.5,0.333,20.4,25.8,0.789,9.9,33.0,42.9,19.5,14.0,7.7,4.6,7.0,20.9,19.5,107.7,1.2,6,6,10,3,3,9,7,15,2,1,10,3,4,7,8,4,8,13,13,7,9,14,7,11,5,3,2016-17
1610612754,Indiana Pacers,4,0,4,0.0,48.0,40.5,87.0,0.466,11.3,28.8,0.391,16.5,21.5,0.767,11.8,30.3,42.0,22.5,13.3,8.0,3.8,6.3,22.8,18.3,108.8,-4.0,15,15,2,15,6,3,4,4,5,6,3,14,12,10,4,12,10,4,8,4,12,13,15,15,3,10,2016-17
1610612746,LA Clippers,7,3,4,0.429,48.0,36.4,77.0,0.473,8.1,23.4,0.348,16.7,24.0,0.696,7.7,30.0,37.7,18.4,12.1,6.3,2.4,3.1,20.3,20.9,97.7,-1.1,9,9,2,7,6,10,16,3,14,15,9,13,8,14,13,13,15,15,3,14,16,1,4,8,12,7,2016-17
1610612763,Memphis Grizzlies,6,2,4,0.333,48.8,34.7,77.2,0.449,9.3,24.2,0.386,17.7,20.3,0.869,7.7,27.8,35.5,18.8,11.3,5.2,2.5,3.8,22.2,19.2,96.3,-8.3,10,10,2,10,1,16,15,9,8,12,5,10,14,1,14,16,16,14,1,16,15,6,13,12,15,14,2016-17
1610612749,Milwaukee Bucks,6,2,4,0.333,48.0,34.8,78.2,0.446,9.0,21.7,0.415,14.5,20.8,0.696,8.2,29.8,38.0,21.2,13.3,8.2,5.0,4.7,21.3,21.2,93.2,-0.7,10,10,2,10,6,15,14,10,9,16,2,16,13,15,12,14,13,8,9,3,5,9,9,7,16,6,2016-17
1610612760,Oklahoma City Thunder,5,1,4,0.2,48.0,38.6,87.4,0.442,8.4,27.0,0.311,18.6,27.0,0.689,12.2,31.4,43.6,19.8,12.8,8.4,8.0,5.0,22.2,22.6,104.2,-8.6,14,14,2,14,6,6,3,13,11,8,14,7,2,16,3,11,6,10,5,2,1,10,14,2,9,15,2016-17
1610612757,Portland Trail Blazers,4,0,4,0.0,48.0,35.5,89.5,0.397,11.0,34.0,0.324,19.5,24.3,0.804,10.0,34.0,44.0,15.8,15.3,7.3,4.8,10.3,21.8,18.8,101.5,-18.0,15,15,2,15,6,13,1,16,6,3,12,6,7,5,7,3,5,16,14,12,6,16,11,14,10,16,2016-17
1610612759,San Antonio Spurs,16,8,8,0.5,48.6,40.0,86.6,0.462,8.6,24.4,0.35,18.5,23.9,0.773,12.8,31.7,44.4,21.3,12.8,7.8,4.7,3.9,18.8,21.3,107.1,1.0,4,4,15,5,2,5,6,5,10,11,8,8,9,9,1,10,3,7,4,6,7,7,2,6,6,4,2016-17
1610612761,Toronto Raptors,10,4,6,0.4,48.0,35.3,79.5,0.444,7.8,23.5,0.332,18.3,22.5,0.813,6.8,32.5,39.3,19.6,12.9,7.4,4.4,5.0,20.9,19.9,96.7,-5.7,8,7,12,8,6,14,12,11,15,13,11,9,11,4,15,7,11,12,6,9,10,10,6,10,13,12,2016-17
1610612762,Utah Jazz,11,4,7,0.364,48.0,35.6,78.4,0.455,9.5,25.9,0.365,17.1,23.4,0.732,6.7,32.4,39.1,19.7,12.1,7.4,3.2,3.3,21.1,20.4,97.8,-4.7,6,7,14,9,6,12,13,8,7,10,7,11,10,13,16,8,12,11,2,11,14,2,8,9,11,11,2016-17
1610612764,Washington Wizards,13,7,6,0.538,48.4,40.1,87.6,0.457,8.4,26.5,0.317,19.5,24.6,0.794,11.2,31.8,43.0,22.8,13.8,7.9,6.6,4.4,23.0,22.5,108.1,0.0,5,5,12,4,4,4,2,6,12,9,13,5,6,6,6,9,7,3,12,5,2,8,16,3,4,5,2016-17
1610612738,Boston Celtics,19,11,8,0.579,48.5,36.4,83.3,0.437,10.5,30.6,0.343,18.1,23.5,0.767,8.8,32.8,41.7,21.2,11.6,6.8,4.1,5.6,20.4,21.4,101.4,0.7,3,3,15,3,2,15,9,12,7,4,11,6,5,9,9,9,9,9,2,12,12,12,7,4,12,5,2017-18
1610612739,Cleveland Cavaliers,22,12,10,0.545,48.5,36.9,81.9,0.45,10.0,30.3,0.331,17.4,23.1,0.752,9.8,31.6,41.4,19.2,12.7,6.0,4.4,4.4,19.5,21.9,101.1,-1.7,1,2,16,5,5,13,14,10,9,5,15,7,7,11,3,12,10,12,5,14,9,6,4,3,14,8,2017-18
1610612744,Golden State Warriors,21,16,5,0.762,48.2,41.2,86.0,0.48,11.2,31.4,0.357,16.8,20.4,0.822,9.1,35.9,45.0,26.0,12.9,7.9,5.8,3.6,19.7,19.4,110.4,10.0,2,1,10,1,6,3,5,3,2,3,10,9,12,3,8,4,4,2,6,7,4,2,5,13,1,1,2017-18
1610612745,Houston Rockets,17,11,6,0.647,48.0,37.2,85.3,0.436,13.4,39.8,0.337,17.2,22.2,0.772,8.8,34.2,43.0,18.8,12.1,8.1,5.5,4.4,19.1,19.5,104.9,1.8,4,3,12,2,7,11,6,14,1,1,13,8,10,7,10,7,8,15,3,5,5,5,2,11,7,4,2017-18
1610612754,Indiana Pacers,7,3,4,0.429,48.0,38.6,80.1,0.481,9.7,27.1,0.358,13.7,19.3,0.711,8.1,31.9,40.0,21.1,13.1,8.1,2.7,3.6,21.9,20.3,100.6,5.7,9,9,1,8,7,8,15,2,12,11,9,15,14,13,14,11,13,10,7,4,16,1,12,9,15,2,2017-18
1610612748,Miami Heat,5,1,4,0.2,48.0,36.6,82.8,0.442,10.8,27.6,0.391,19.4,28.6,0.678,9.6,31.4,41.0,23.8,16.0,8.8,6.4,4.2,29.2,24.0,103.4,-10.8,13,13,1,13,7,14,11,11,3,10,2,3,1,16,4,14,11,4,16,2,2,4,16,2,8,16,2017-18
1610612749,Milwaukee Bucks,7,3,4,0.429,48.7,39.1,78.3,0.5,9.6,25.7,0.372,14.0,19.9,0.705,5.6,33.0,38.6,22.0,13.1,6.6,6.7,4.1,22.9,19.4,101.9,-0.6,9,9,1,8,1,5,16,1,13,14,4,14,13,14,16,8,15,7,7,13,1,3,15,13,10,6,2017-18
1610612750,Minnesota Timberwolves,5,1,4,0.2,48.0,38.0,82.6,0.46,9.0,21.8,0.413,16.6,22.8,0.728,8.6,36.6,45.2,22.4,12.6,5.0,3.2,6.2,18.2,17.6,101.6,-8.8,13,13,1,13,7,9,12,7,14,16,1,10,9,12,11,2,3,6,4,16,14,15,1,16,11,13,2017-18
1610612740,New Orleans Pelicans,9,5,4,0.556,48.0,42.9,89.8,0.478,9.9,27.0,0.366,14.3,18.3,0.782,7.9,37.7,45.6,26.9,14.4,8.1,5.0,4.9,19.3,19.0,110.0,-0.8,8,5,1,4,7,1,2,4,11,12,6,13,15,5,15,1,2,1,12,6,7,8,3,15,2,7,2017-18
1610612760,Oklahoma City Thunder,6,2,4,0.333,48.0,37.2,86.5,0.43,10.5,28.8,0.364,16.3,21.2,0.772,9.3,34.7,44.0,16.3,14.0,8.8,4.2,5.5,21.7,20.7,101.2,-4.3,11,11,1,11,7,12,4,15,6,8,7,11,11,8,7,6,6,16,10,1,10,10,11,7,13,11,2017-18
1610612755,Philadelphia 76ers,10,5,5,0.5,48.5,38.7,88.5,0.437,9.9,29.3,0.338,21.5,28.3,0.76,13.4,36.1,49.5,25.8,14.6,7.8,4.1,5.9,22.8,25.5,108.8,3.9,6,5,10,6,3,7,3,13,10,7,12,1,2,10,1,3,1,3,14,9,11,13,14,1,3,3,2017-18
1610612757,Portland Trail Blazers,4,0,4,0.0,48.0,41.3,91.0,0.453,10.8,32.3,0.333,12.3,15.8,0.778,11.3,32.3,43.5,19.0,14.5,8.3,3.8,6.5,20.5,19.5,105.5,-9.0,16,16,1,16,7,2,1,9,4,2,14,16,16,6,2,10,7,13,13,3,13,16,8,12,6,15,2017-18
1610612759,San Antonio Spurs,5,1,4,0.2,48.0,34.6,83.8,0.413,8.4,28.2,0.298,19.2,23.0,0.835,8.4,29.2,37.6,19.0,11.0,7.6,3.0,5.0,20.4,19.8,96.8,-8.8,13,13,1,13,7,16,8,16,15,9,16,4,8,2,13,16,16,13,1,10,15,9,6,10,16,13,2017-18
1610612761,Toronto Raptors,10,4,6,0.4,48.5,38.9,82.3,0.473,10.4,26.7,0.39,19.1,23.9,0.799,9.4,30.7,40.1,21.8,14.0,5.7,6.1,4.8,22.6,20.3,107.3,-4.4,6,8,12,10,3,6,13,5,8,13,3,5,3,4,5,15,12,8,10,15,3,7,13,8,4,12,2017-18
1610612762,Utah Jazz,11,5,6,0.455,48.0,37.7,82.9,0.455,10.7,29.9,0.359,16.2,23.5,0.687,9.4,35.6,45.0,20.3,15.5,7.5,5.0,5.5,20.5,20.9,102.4,-2.2,5,5,12,7,7,10,10,8,5,6,8,12,4,15,6,5,4,11,15,11,7,11,9,6,9,10,2017-18
1610612764,Washington Wizards,6,2,4,0.333,48.0,39.7,85.2,0.466,8.0,21.8,0.366,19.8,23.3,0.85,8.5,31.5,40.0,23.3,13.5,7.8,5.2,6.2,21.0,21.3,107.2,-2.0,11,11,1,11,7,4,7,6,16,15,5,2,6,1,12,13,13,5,9,8,6,14,10,5,5,9,2017-18
1610612738,Boston Celtics,9,5,4,0.556,48.0,35.7,84.1,0.424,11.3,33.0,0.343,19.4,24.2,0.803,7.4,40.3,47.8,21.4,14.8,5.9,3.8,4.3,20.8,21.0,102.1,-1.4,8,8,1,5,7,13,13,11,7,8,7,7,11,5,16,2,3,10,9,14,13,6,4,13,12,8,2018-19
1610612751,Brooklyn Nets,5,1,4,0.2,48.0,38.4,91.4,0.42,11.0,34.0,0.324,23.6,29.2,0.808,11.2,29.2,40.4,19.2,14.2,7.6,2.8,6.0,22.8,24.2,111.4,-11.0,11,11,1,11,7,8,2,12,8,6,14,1,1,4,5,16,14,14,8,6,16,13,12,2,4,14,2018-19
1610612743,Denver Nuggets,14,7,7,0.5,49.4,39.9,90.2,0.443,9.6,27.8,0.344,19.7,25.2,0.782,13.1,34.6,47.7,24.0,9.8,5.7,4.6,4.7,21.3,21.9,109.1,1.9,5,5,13,7,2,2,4,8,13,15,6,6,7,7,1,5,4,5,2,15,8,8,5,9,6,6,2018-19
1610612765,Detroit Pistons,4,0,4,0.0,48.0,37.5,96.8,0.388,11.0,33.3,0.331,12.0,16.5,0.727,10.8,31.5,42.3,23.0,10.5,7.3,4.0,8.8,24.3,20.0,98.0,-23.8,15,15,1,15,7,11,1,16,8,7,13,16,16,15,6,14,13,6,3,8,10,16,15,14,13,16,2018-19
1610612744,Golden State Warriors,22,14,8,0.636,48.5,41.1,86.1,0.477,12.2,32.7,0.372,19.8,24.3,0.813,10.1,33.2,43.3,28.4,14.9,7.4,5.7,3.9,23.2,22.3,114.1,3.4,2,2,14,3,4,1,8,1,3,10,1,5,9,3,9,11,9,1,10,7,2,4,13,7,2,3,2018-19
1610612745,Houston Rockets,11,6,5,0.545,48.5,37.2,83.8,0.444,15.6,42.7,0.366,18.5,24.3,0.764,9.6,33.3,42.9,18.3,15.8,8.5,5.1,4.6,21.6,21.5,108.5,3.2,7,7,10,6,4,12,14,7,1,1,2,12,10,11,12,10,11,16,15,2,7,7,6,11,8,4,2018-19
1610612754,Indiana Pacers,4,0,4,0.0,48.0,33.5,83.5,0.401,10.0,29.8,0.336,14.8,20.5,0.72,8.0,32.3,40.3,20.8,12.0,8.3,3.5,3.0,20.0,19.5,91.8,-7.5,15,15,1,15,7,15,15,13,12,13,10,15,15,16,15,13,15,12,4,3,14,1,3,16,16,11,2018-19
1610612746,LA Clippers,6,2,4,0.333,48.0,39.8,89.2,0.447,11.5,31.7,0.363,23.5,28.8,0.815,10.0,30.2,40.2,25.3,15.0,8.0,3.3,7.5,25.0,25.8,114.7,-9.8,10,10,1,10,7,3,5,5,6,11,3,2,2,2,11,15,16,2,11,5,15,15,16,1,1,13,2018-19
1610612749,Milwaukee Bucks,15,10,5,0.667,48.7,39.8,88.3,0.451,12.8,38.1,0.336,20.4,28.0,0.729,10.1,41.8,51.9,25.0,13.0,6.7,6.4,4.7,21.8,23.3,112.8,8.8,4,3,10,1,3,4,6,4,2,2,9,4,3,14,10,1,1,3,7,10,1,9,7,4,3,1,2018-19
1610612760,Oklahoma City Thunder,5,1,4,0.2,48.0,37.8,86.0,0.44,10.4,31.4,0.331,19.2,25.4,0.756,10.2,33.0,43.2,22.6,15.2,6.6,5.4,5.8,24.2,23.4,105.2,-5.8,11,11,1,11,7,9,9,9,10,12,12,9,6,12,8,12,10,8,12,11,4,11,14,3,10,10,2018-19
1610612753,Orlando Magic,5,1,4,0.2,48.0,32.2,83.0,0.388,10.4,34.8,0.299,17.2,22.2,0.775,9.6,33.8,43.4,19.0,15.6,6.6,4.0,4.2,18.8,23.0,92.0,-14.4,11,11,1,11,7,16,16,15,10,4,15,14,14,8,13,8,8,15,14,11,10,5,1,5,15,15,2018-19
1610612755,Philadelphia 76ers,12,7,5,0.583,48.0,39.4,85.8,0.459,9.4,28.4,0.331,20.4,25.8,0.79,11.4,37.1,48.5,24.4,16.5,6.3,5.4,3.4,22.4,22.1,108.7,3.0,6,5,10,4,7,7,10,3,14,14,11,3,4,6,4,3,2,4,16,13,3,2,9,8,7,5,2018-19
1610612757,Portland Trail Blazers,16,8,8,0.5,49.6,39.4,90.4,0.436,11.8,32.8,0.36,19.0,24.8,0.766,11.4,33.8,45.2,19.8,12.9,6.9,5.1,5.9,22.8,22.8,109.7,-1.4,3,4,14,7,1,5,3,10,5,9,4,11,8,10,3,9,6,13,6,9,6,12,11,6,5,7,2018-19
1610612759,San Antonio Spurs,7,3,4,0.429,48.0,39.4,85.1,0.463,6.7,19.9,0.338,17.7,23.0,0.77,10.7,34.4,45.1,21.1,8.4,4.6,4.0,3.6,19.4,20.0,103.3,-1.9,9,9,1,9,7,6,11,2,16,16,8,13,13,9,7,6,7,11,1,16,10,3,2,14,11,9,2018-19
1610612761,Toronto Raptors,24,16,8,0.667,48.4,37.7,84.8,0.444,11.9,34.5,0.346,19.3,23.3,0.83,8.3,34.0,42.3,22.5,12.1,8.0,4.6,5.0,22.6,21.8,106.6,5.5,1,1,14,1,6,10,12,6,4,5,5,8,12,1,14,7,12,9,5,4,9,10,10,10,9,2,2018-19
1610612762,Utah Jazz,5,1,4,0.2,48.0,34.6,86.4,0.4,9.4,35.8,0.263,19.2,25.6,0.75,11.8,35.4,47.2,23.0,15.2,9.2,5.4,7.0,21.8,21.4,97.8,-9.2,11,11,1,11,7,14,7,14,15,3,16,9,5,13,2,4,5,6,12,1,4,14,7,12,14,12,2018-19
1610612738,Boston Celtics,17,10,7,0.588,48.9,38.6,84.9,0.454,12.4,36.4,0.341,19.8,24.2,0.816,8.8,36.5,45.2,22.6,13.9,6.7,4.8,4.8,22.3,22.0,109.4,5.0,4,3,13,4,2,8,10,9,9,9,13,5,9,4,10,3,4,7,8,10,4,11,9,10,8,2,2019-20
1610612751,Brooklyn Nets,4,0,4,0.0,48.0,36.3,91.3,0.397,15.5,46.0,0.337,17.8,24.5,0.724,9.3,35.0,44.3,25.8,14.5,5.0,4.5,5.5,21.3,22.5,105.8,-20.5,14,14,1,14,11,15,1,15,3,2,14,10,7,14,8,7,6,1,10,15,5,14,5,6,13,16,2019-20
1610612742,Dallas Mavericks,6,2,4,0.333,48.8,42.2,89.2,0.473,13.5,37.5,0.36,19.2,26.5,0.723,7.7,35.5,43.2,21.5,12.7,6.5,3.7,3.3,22.5,24.5,117.0,-9.7,11,11,1,11,3,1,2,4,6,5,9,6,2,16,13,6,9,10,3,11,12,2,12,1,1,12,2019-20
1610612743,Denver Nuggets,19,9,10,0.474,48.3,38.8,82.5,0.471,12.3,32.4,0.379,17.5,21.4,0.816,9.3,31.4,40.6,22.5,13.9,6.2,4.0,4.0,22.4,22.1,107.4,-2.3,3,4,16,7,10,7,13,5,10,13,3,13,12,3,7,15,14,8,9,12,8,6,10,9,10,9,2019-20
1610612745,Houston Rockets,12,5,7,0.417,48.4,37.4,85.8,0.436,16.9,46.8,0.362,15.9,20.2,0.789,6.7,32.2,38.8,21.3,13.4,9.1,3.5,4.9,22.2,18.6,107.7,0.8,6,7,13,10,8,11,8,11,1,1,8,15,16,8,14,13,15,12,7,2,14,12,7,15,9,8,2019-20
1610612754,Indiana Pacers,4,0,4,0.0,48.0,36.5,80.3,0.455,12.0,32.0,0.375,15.8,20.3,0.778,5.8,30.8,36.5,22.5,15.3,9.3,5.5,4.3,23.3,15.8,100.8,-10.5,14,14,1,14,11,14,16,8,13,14,5,16,15,9,16,16,16,9,13,1,1,8,15,16,15,13,2019-20
1610612746,LA Clippers,13,7,6,0.538,48.4,40.9,86.4,0.474,12.1,32.8,0.368,20.1,25.2,0.798,9.5,34.5,44.0,21.2,13.0,7.5,3.7,4.1,22.9,22.3,114.0,4.2,5,5,12,5,9,3,7,3,12,12,6,3,4,6,4,8,8,13,4,4,11,7,14,8,2,3,2019-20
1610612747,Los Angeles Lakers,21,16,5,0.762,48.0,41.0,84.0,0.489,12.1,34.2,0.354,18.6,24.6,0.758,10.6,33.5,44.1,25.6,15.4,8.0,5.3,3.1,22.7,22.4,112.8,6.9,1,1,10,1,11,2,11,1,11,11,12,7,6,13,2,11,7,2,14,3,3,1,13,7,4,1,2019-20
1610612748,Miami Heat,21,14,7,0.667,48.5,37.7,82.0,0.46,12.8,35.5,0.359,21.8,26.4,0.825,7.8,33.6,41.3,24.9,13.2,6.9,3.9,4.5,19.9,22.6,110.0,2.0,1,2,13,2,7,9,14,7,8,10,10,2,3,2,12,10,12,3,6,8,10,9,3,5,6,6,2019-20
1610612749,Milwaukee Bucks,10,5,5,0.5,48.5,40.1,87.1,0.46,13.3,37.1,0.358,17.6,24.3,0.724,9.4,37.3,46.7,24.3,14.9,7.2,4.2,3.6,21.7,21.2,111.1,1.2,8,7,10,6,6,4,6,6,7,7,11,11,8,15,5,2,2,5,12,6,7,3,6,12,5,7,2019-20
1610612760,Oklahoma City Thunder,7,3,4,0.429,48.7,36.7,85.4,0.43,12.0,36.6,0.328,18.6,24.0,0.774,9.0,40.9,49.9,17.9,17.0,5.3,4.0,3.9,17.1,23.0,104.0,-6.4,9,9,1,8,4,13,9,12,13,8,15,8,10,11,9,1,1,14,16,14,8,5,1,3,14,10,2019-20
1610612753,Orlando Magic,5,1,4,0.2,48.0,37.2,88.6,0.42,15.0,39.8,0.377,17.6,21.0,0.838,6.6,36.4,43.0,23.8,14.6,6.8,3.2,3.8,21.0,20.6,107.0,-9.2,12,12,1,12,11,12,3,14,4,4,4,11,14,1,15,5,10,6,11,9,15,4,4,13,11,11,2019-20
1610612755,Philadelphia 76ers,4,0,4,0.0,48.0,33.3,84.0,0.396,8.0,30.3,0.264,26.0,32.0,0.813,12.3,33.8,46.0,17.5,12.0,5.0,4.5,5.5,22.3,24.3,100.5,-11.8,14,14,1,14,11,16,11,16,16,16,16,1,1,5,1,9,3,16,1,15,5,14,8,2,16,15,2019-20
1610612757,Portland Trail Blazers,5,1,4,0.2,48.0,37.6,88.2,0.426,11.6,30.6,0.379,19.8,25.0,0.792,9.8,33.0,42.8,17.8,16.0,7.4,3.6,5.8,25.0,22.8,106.6,-10.6,12,12,1,12,11,10,5,13,15,15,2,4,5,7,3,12,11,15,15,5,13,16,16,4,12,14,2019-20
1610612761,Toronto Raptors,11,7,4,0.636,48.9,39.1,88.5,0.442,14.6,40.3,0.363,16.5,21.3,0.778,8.2,36.5,44.6,24.8,13.1,7.1,5.5,5.0,22.5,20.3,109.4,4.1,7,5,1,3,1,6,4,10,5,3,7,14,13,9,11,4,5,4,5,7,2,13,11,14,7,4,2019-20
1610612762,Utah Jazz,7,3,4,0.429,48.7,39.9,81.9,0.487,15.7,37.3,0.421,18.0,23.3,0.773,9.3,31.9,41.1,21.4,12.0,6.1,3.1,4.6,19.0,21.3,113.4,3.4,9,9,1,8,4,5,15,2,2,6,1,9,11,12,6,14,13,11,1,13,16,10,2,11,3,5,2019-20
1610612737,Atlanta Hawks,18,10,8,0.556,48.0,38.9,86.8,0.449,11.7,34.2,0.343,16.7,20.9,0.798,9.1,33.3,42.4,20.2,12.4,6.7,4.4,4.3,21.2,20.3,106.3,-1.5,4,3,14,5,6,12,8,12,9,10,10,10,10,8,11,6,9,13,9,7,6,7,12,8,12,8,2020-21
1610612738,Boston Celtics,5,1,4,0.2,48.0,38.4,88.2,0.435,12.8,36.6,0.35,22.6,27.4,0.825,12.6,28.8,41.4,21.0,13.0,6.4,7.0,6.6,21.0,23.4,112.2,-11.2,12,12,1,12,6,13,7,13,7,4,9,1,3,4,2,16,13,10,12,10,1,14,10,3,7,14,2020-21
1610612751,Brooklyn Nets,12,7,5,0.583,48.4,40.7,86.2,0.472,13.6,35.6,0.382,17.6,20.3,0.868,8.3,34.3,42.6,22.6,11.6,7.1,4.8,6.2,21.2,18.6,112.5,6.3,5,5,9,3,5,7,10,5,5,7,6,9,13,1,15,5,8,6,5,5,4,12,11,15,6,2,2020-21
1610612742,Dallas Mavericks,7,3,4,0.429,48.0,39.1,86.0,0.455,13.6,35.0,0.388,14.1,20.0,0.707,10.3,30.3,40.6,20.7,11.0,5.6,2.1,5.0,20.3,20.6,106.0,-5.1,9,9,1,8,6,10,11,11,6,8,4,16,15,15,8,14,16,12,3,13,16,10,5,7,13,9,2020-21
1610612743,Denver Nuggets,10,4,6,0.4,49.0,42.1,92.2,0.457,14.7,38.5,0.382,15.9,20.9,0.761,11.7,31.9,43.6,24.9,11.2,6.1,4.3,4.9,20.4,20.3,114.8,-5.5,8,8,12,9,3,3,2,10,3,3,5,13,9,12,4,13,4,2,4,11,7,9,6,9,5,10,2020-21
1610612746,LA Clippers,19,10,9,0.526,48.0,39.1,81.9,0.477,13.8,36.4,0.381,19.5,23.7,0.823,8.8,32.4,41.2,20.8,10.7,6.8,4.3,2.7,19.5,21.3,111.6,4.1,3,3,16,7,6,11,16,3,4,5,7,4,6,5,14,11,15,11,2,6,8,1,2,4,8,5,2020-21
1610612747,Los Angeles Lakers,6,2,4,0.333,48.0,34.3,83.0,0.414,9.8,32.8,0.299,19.0,24.5,0.776,10.5,32.7,43.2,19.3,13.8,6.7,4.0,5.0,20.5,21.0,97.5,-6.5,10,10,1,10,6,16,15,14,15,11,15,7,4,10,7,10,6,15,15,8,12,10,7,6,15,11,2020-21
1610612763,Memphis Grizzlies,5,1,4,0.2,48.0,44.2,94.4,0.468,10.4,31.6,0.329,16.2,20.4,0.794,11.2,30.0,41.2,22.0,10.4,8.0,4.0,6.2,20.6,19.2,115.0,-8.4,12,12,1,12,6,1,1,7,13,12,13,11,12,9,5,15,14,8,1,1,12,13,9,13,4,13,2020-21
1610612748,Miami Heat,4,0,4,0.0,49.3,35.3,89.3,0.395,12.0,35.8,0.336,15.5,20.3,0.765,9.0,33.3,42.3,21.5,14.0,7.3,3.5,3.0,20.5,20.0,98.0,-20.5,16,16,1,16,2,14,4,16,8,6,12,14,13,11,12,7,11,9,16,4,14,2,7,12,14,16,2020-21
1610612749,Milwaukee Bucks,23,16,7,0.696,48.4,42.1,91.1,0.462,11.2,35.0,0.321,14.9,20.8,0.718,12.8,36.1,49.0,22.8,12.7,7.8,4.2,3.8,18.0,20.1,110.3,5.1,1,1,13,1,4,4,3,8,10,9,14,15,11,14,1,1,1,5,10,3,9,5,1,11,9,3,2020-21
1610612752,New York Knicks,5,1,4,0.2,48.0,34.4,86.4,0.398,10.4,30.4,0.342,17.8,21.8,0.817,11.8,34.6,46.4,18.6,12.2,5.8,2.8,6.8,19.8,19.0,97.0,-7.0,12,12,1,12,6,15,9,15,13,13,11,8,8,6,3,4,2,16,8,12,15,15,4,14,16,12,2020-21
1610612755,Philadelphia 76ers,12,7,5,0.583,48.0,42.5,85.8,0.496,11.2,28.4,0.393,20.1,29.3,0.685,9.0,35.7,44.7,24.9,12.8,8.0,6.2,3.8,23.0,23.8,116.3,7.5,5,5,9,3,6,2,12,1,12,15,3,3,1,16,12,2,3,1,11,1,2,4,14,1,3,1,2020-21
1610612756,Phoenix Suns,22,14,8,0.636,48.0,40.9,85.0,0.481,11.2,29.7,0.376,16.0,18.6,0.861,8.0,34.7,42.7,23.2,11.9,6.5,4.2,3.6,19.7,18.5,109.0,4.5,2,2,14,2,6,6,13,2,11,14,8,12,16,2,16,3,7,3,7,9,10,3,3,16,11,4,2020-21
1610612757,Portland Trail Blazers,6,2,4,0.333,49.7,42.0,88.3,0.475,16.2,39.2,0.413,19.3,22.7,0.853,9.3,32.3,41.7,22.8,11.8,5.2,5.5,4.5,23.2,20.2,119.5,-1.3,10,10,1,10,1,5,6,4,2,2,1,6,7,3,10,12,12,4,6,15,3,8,15,10,1,7,2020-21
1610612762,Utah Jazz,11,6,5,0.545,48.0,39.7,84.2,0.472,18.0,43.6,0.413,19.5,24.3,0.801,9.4,33.0,42.4,19.6,13.5,5.2,4.1,4.3,21.5,21.1,116.9,-0.8,7,7,9,6,6,9,14,6,1,1,2,5,5,7,9,8,10,14,14,14,11,6,13,5,2,6,2020-21
1610612764,Washington Wizards,5,1,4,0.2,48.0,40.6,88.6,0.458,7.0,24.2,0.289,21.8,29.0,0.752,10.6,32.8,43.4,22.4,13.4,4.8,4.8,7.2,24.0,23.8,110.0,-14.0,12,12,1,12,6,8,5,9,16,16,16,2,2,13,6,9,5,7,13,16,5,16,16,2,10,15,2020-21
1610612737,Atlanta Hawks,5,1,4,0.2,48.0,34.4,78.2,0.44,11.4,35.0,0.326,17.2,22.0,0.782,8.6,30.8,39.4,18.6,16.4,5.8,2.4,3.0,21.6,23.4,97.4,-12.0,13,13,1,13,3,16,15,13,8,7,12,11,10,10,11,10,12,15,14,15,16,2,10,3,15,15,2021-22
1610612738,Boston Celtics,24,14,10,0.583,48.0,36.7,81.8,0.449,13.7,36.6,0.373,18.5,23.2,0.797,9.0,33.9,42.9,24.5,14.7,6.4,6.3,4.7,20.7,21.7,105.5,3.6,1,2,16,3,3,10,11,7,4,4,5,8,8,6,10,5,7,5,11,11,3,9,4,9,9,3,2021-22
1610612751,Brooklyn Nets,4,0,4,0.0,48.0,39.3,78.0,0.503,11.5,27.3,0.422,19.0,25.8,0.738,8.5,25.5,34.0,22.3,15.3,8.0,6.5,4.0,24.8,24.5,109.0,-4.5,16,16,1,16,3,5,16,1,7,14,1,7,5,14,12,16,16,8,13,4,2,5,14,1,6,10,2021-22
1610612741,Chicago Bulls,5,1,4,0.2,48.0,36.4,90.2,0.404,10.4,36.8,0.283,12.0,14.4,0.833,8.2,35.8,44.0,23.0,13.0,7.8,3.2,4.8,18.6,17.8,95.2,-14.6,13,13,1,13,3,12,2,16,12,3,15,16,16,2,13,2,5,6,5,5,14,10,1,16,16,16,2021-22
1610612742,Dallas Mavericks,18,9,9,0.5,48.0,36.3,80.8,0.449,15.8,41.5,0.38,18.0,23.3,0.771,6.5,30.0,36.5,19.2,10.2,7.2,2.8,3.6,21.1,22.1,106.3,0.7,3,4,15,6,3,14,12,8,1,1,3,9,7,12,16,14,15,14,2,7,15,4,6,8,8,6,2021-22
1610612743,Denver Nuggets,5,1,4,0.2,48.0,39.4,82.8,0.476,11.2,31.4,0.357,20.0,25.2,0.794,11.2,30.6,41.8,25.0,16.4,7.0,3.4,6.2,25.0,23.2,110.0,-8.0,13,13,1,13,3,4,8,4,9,12,9,4,6,7,3,12,8,4,14,8,13,15,15,4,3,13,2021-22
1610612744,Golden State Warriors,22,16,6,0.727,48.0,41.4,86.1,0.48,14.0,37.3,0.375,15.1,19.8,0.766,9.8,34.1,43.9,27.0,14.5,7.7,5.0,4.9,21.5,19.3,111.9,5.0,2,1,10,1,3,1,4,3,2,2,4,15,14,13,6,4,6,1,10,6,5,12,9,15,2,1,2021-22
1610612763,Memphis Grizzlies,12,6,6,0.5,48.0,39.8,91.3,0.435,13.1,35.8,0.365,19.9,27.1,0.735,12.4,33.4,45.8,25.2,14.0,9.2,6.1,6.8,20.8,23.8,112.5,2.4,6,7,10,6,3,3,1,15,5,5,7,5,3,15,2,6,2,3,8,1,4,16,5,2,1,4,2021-22
1610612748,Miami Heat,18,11,7,0.611,48.0,38.0,85.3,0.445,10.9,34.8,0.313,17.3,21.6,0.804,9.8,31.2,41.1,21.9,12.9,8.3,3.7,4.6,21.4,21.4,104.2,3.8,3,3,14,2,3,9,6,10,10,8,13,10,11,5,5,9,9,9,4,2,10,8,8,10,11,2,2021-22
1610612749,Milwaukee Bucks,12,7,5,0.583,48.0,38.5,88.0,0.438,10.6,32.3,0.327,15.2,20.8,0.731,9.8,40.7,50.4,20.8,13.8,6.3,4.5,5.5,19.1,20.1,102.8,1.5,6,5,9,3,3,7,3,14,11,11,11,14,13,16,7,1,1,12,7,12,7,13,2,14,13,5,2021-22
1610612750,Minnesota Timberwolves,6,2,4,0.333,48.0,36.3,82.0,0.443,13.8,35.7,0.388,22.7,28.0,0.81,7.0,33.0,40.0,22.8,17.7,8.2,7.8,6.2,26.8,23.2,109.2,-5.5,9,9,1,9,3,13,10,11,3,6,2,1,2,4,15,7,11,7,16,3,1,14,16,5,5,11,2021-22
1610612740,New Orleans Pelicans,6,2,4,0.333,48.0,39.0,84.3,0.462,9.3,26.3,0.354,22.5,28.8,0.78,15.2,30.5,45.7,21.3,14.5,6.3,3.5,4.0,21.2,22.7,109.8,-1.5,9,9,1,9,3,6,7,6,15,16,10,2,1,11,1,13,3,11,9,12,12,5,7,7,4,9,2021-22
1610612755,Philadelphia 76ers,12,6,6,0.5,48.4,36.4,78.3,0.465,12.4,33.3,0.373,19.3,22.7,0.849,7.7,31.3,39.0,21.8,14.8,6.1,4.3,4.2,20.6,20.5,104.5,0.3,6,7,10,6,2,11,14,5,6,9,6,6,9,1,14,8,13,10,12,14,8,7,3,12,10,7,2021-22
1610612756,Phoenix Suns,13,7,6,0.538,48.0,41.2,82.8,0.497,9.8,27.2,0.363,15.5,18.9,0.817,9.5,30.7,40.2,25.7,13.3,6.6,3.8,3.0,22.5,21.2,107.6,-1.0,5,5,10,5,3,2,9,2,13,15,8,13,15,3,8,11,10,2,6,10,9,2,13,11,7,8,2021-22
1610612761,Toronto Raptors,6,2,4,0.333,48.8,38.3,86.0,0.446,9.8,32.8,0.299,16.7,21.0,0.794,10.0,27.5,37.5,20.7,10.0,6.7,4.8,4.8,22.2,20.3,103.2,-8.3,9,9,1,9,1,8,5,9,14,10,14,12,12,7,4,15,14,13,1,9,6,11,12,13,12,14,2021-22
1610612762,Utah Jazz,6,2,4,0.333,48.0,35.0,79.0,0.443,8.2,29.8,0.274,20.8,26.5,0.786,9.3,35.5,44.8,17.2,11.7,4.0,3.7,2.3,22.0,23.2,99.0,-5.7,9,9,1,9,3,15,13,12,16,13,16,3,4,9,9,3,4,16,3,16,10,1,11,5,14,12,2021-22
1610612737,Atlanta Hawks,6,2,4,0.333,48.0,44.0,96.3,0.457,14.0,37.3,0.375,13.8,17.0,0.814,12.2,31.7,43.8,24.5,12.8,7.7,4.8,7.2,16.3,16.5,115.8,-5.3,10,10,1,10,9,1,1,9,4,6,3,14,16,4,5,10,8,6,9,2,5,15,2,15,2,11,2022-23
1610612738,Boston Celtics,20,11,9,0.55,48.3,40.9,85.5,0.478,14.1,38.7,0.364,16.2,20.0,0.81,9.5,33.6,43.1,24.2,12.4,6.0,6.4,4.7,17.2,17.7,112.0,3.4,2,3,15,4,6,8,11,3,3,4,5,9,9,6,10,6,9,7,7,15,2,9,3,12,9,2,2022-23
1610612751,Brooklyn Nets,4,0,4,0.0,48.0,34.0,77.3,0.44,11.3,34.5,0.326,13.3,18.3,0.726,5.8,29.3,35.0,22.3,12.3,5.3,3.8,4.0,15.5,18.8,92.5,-11.3,16,16,1,16,9,16,16,12,10,7,13,16,15,15,16,14,16,11,5,16,13,5,1,10,16,16,2022-23
1610612739,Cleveland Cavaliers,5,1,4,0.2,48.0,35.2,78.4,0.449,10.0,30.6,0.327,13.8,18.6,0.742,9.2,28.0,37.2,22.0,15.8,6.8,4.0,4.6,20.4,17.4,94.2,-5.4,12,12,1,12,9,15,15,10,14,13,12,15,14,14,12,16,15,12,16,9,12,7,10,14,15,12,2022-23
1610612743,Denver Nuggets,20,16,4,0.8,48.3,42.3,86.0,0.492,11.3,30.0,0.375,17.7,22.1,0.801,10.1,34.7,44.8,25.8,11.6,6.9,4.2,4.7,19.3,21.0,113.5,8.3,2,1,1,1,6,4,10,2,10,15,3,7,7,8,8,2,5,3,1,7,10,9,7,6,6,1,2022-23
1610612744,Golden State Warriors,13,6,7,0.462,48.0,41.9,93.6,0.448,14.5,42.5,0.34,14.8,19.7,0.75,12.5,34.5,47.1,28.2,14.4,7.2,4.6,4.6,22.9,19.6,113.1,-0.2,5,6,13,8,9,5,4,11,2,1,10,13,11,12,4,3,2,1,13,4,7,8,15,9,7,6,2022-23
1610612746,LA Clippers,5,1,4,0.2,48.0,40.8,88.6,0.46,12.2,33.8,0.361,21.8,26.4,0.826,11.8,28.2,40.0,21.6,14.0,6.6,4.2,6.2,23.0,21.2,115.6,-6.4,12,12,1,12,9,9,6,6,6,9,7,1,2,3,6,15,12,14,11,11,10,14,16,5,3,13,2022-23
1610612747,Los Angeles Lakers,16,8,8,0.5,48.3,41.1,87.1,0.471,10.1,30.3,0.335,20.1,24.8,0.809,9.1,35.6,44.6,24.9,11.9,6.8,6.4,3.8,17.4,21.3,112.3,2.4,4,4,14,7,5,6,7,5,13,14,11,2,4,7,14,1,6,4,3,8,1,3,4,4,8,3,2022-23
1610612763,Memphis Grizzlies,6,2,4,0.333,48.8,38.3,95.3,0.402,12.0,38.5,0.312,16.0,19.2,0.835,13.2,33.3,46.5,23.3,13.0,6.7,3.5,9.2,20.5,17.5,104.7,-7.5,10,10,1,10,3,11,3,16,9,5,14,11,12,2,2,7,3,9,10,10,16,16,11,13,12,14,2022-23
1610612748,Miami Heat,23,13,10,0.565,48.2,39.7,86.8,0.458,12.8,33.7,0.38,16.1,19.8,0.813,9.2,31.0,40.3,23.6,11.7,7.0,3.6,4.7,20.1,18.7,108.3,1.5,1,2,16,3,8,10,8,7,5,10,1,10,10,5,11,11,11,8,2,5,15,11,9,11,10,4,2022-23
1610612749,Milwaukee Bucks,5,1,4,0.2,49.0,44.0,92.6,0.475,15.6,41.2,0.379,15.2,21.4,0.71,10.2,34.2,44.4,26.8,14.4,6.6,3.6,3.4,18.8,20.4,118.8,-5.2,12,12,1,12,1,1,5,4,1,2,2,12,8,16,7,4,7,2,14,11,14,1,6,8,1,10,2022-23
1610612750,Minnesota Timberwolves,5,1,4,0.2,49.0,37.8,82.6,0.458,11.2,32.2,0.348,18.6,24.2,0.769,8.4,30.8,39.2,22.6,12.8,6.6,4.8,3.4,21.6,23.0,105.4,-8.8,12,12,1,12,1,12,13,8,12,12,9,6,5,10,15,13,14,10,8,11,6,1,12,1,11,15,2022-23
1610612752,New York Knicks,11,6,5,0.545,48.0,35.3,81.5,0.433,9.5,32.7,0.292,20.0,26.8,0.746,12.9,32.5,45.4,18.7,14.6,7.0,4.5,3.8,19.5,21.6,100.1,0.4,6,6,11,5,9,14,14,14,15,11,16,3,1,13,3,9,4,16,15,5,8,4,8,3,14,5,2022-23
1610612755,Philadelphia 76ers,11,7,4,0.636,48.5,36.7,84.0,0.437,12.2,33.9,0.359,16.9,19.1,0.886,10.0,33.0,43.0,19.1,12.4,7.6,5.3,5.5,18.7,16.0,102.5,-1.5,6,5,1,2,4,13,12,13,7,8,8,8,13,1,9,8,10,15,6,3,4,12,5,16,13,7,2022-23
1610612756,Phoenix Suns,11,6,5,0.545,48.0,43.1,86.8,0.496,9.4,25.8,0.363,18.6,23.4,0.798,9.2,30.8,40.0,24.5,12.1,6.3,5.6,4.0,22.0,20.8,114.2,-2.3,6,6,11,5,9,3,9,1,16,16,6,5,6,9,13,12,12,5,4,14,3,5,13,7,4,9,2022-23
1610612758,Sacramento Kings,7,3,4,0.429,48.0,41.0,95.6,0.429,12.1,39.7,0.306,19.6,25.7,0.761,14.0,33.7,47.7,22.0,14.1,7.7,4.3,5.6,22.6,22.7,113.7,-2.1,9,9,1,9,9,7,2,15,8,3,15,4,3,11,1,5,1,12,12,1,9,13,14,2,5,8,2022-23
1610612738,Boston Celtics,19,16,3,0.842,48.3,39.3,83.8,0.469,14.5,40.2,0.36,15.7,19.3,0.812,9.7,33.4,43.1,23.8,11.5,6.3,5.4,2.2,15.7,18.0,108.8,8.1,2,1,1,1,5,6,9,4,1,1,6,9,9,7,10,1,4,5,5,9,4,1,1,12,4,1,2023-24
1610612739,Cleveland Cavaliers,12,5,7,0.417,48.0,37.4,83.4,0.449,10.3,32.8,0.315,12.9,17.0,0.76,7.7,31.1,38.8,21.3,12.2,6.7,4.6,5.0,19.8,18.3,98.1,-5.6,6,8,13,9,6,10,10,11,12,8,13,14,12,13,13,10,14,10,10,6,8,7,9,10,14,12,2023-24
1610612742,Dallas Mavericks,22,13,9,0.591,48.0,38.9,83.0,0.468,11.9,33.1,0.36,16.3,22.7,0.719,10.9,32.2,43.1,21.1,12.5,6.3,5.3,4.9,19.0,19.7,106.0,2.6,1,2,15,3,6,8,12,5,6,6,7,8,6,16,5,8,3,12,12,8,5,6,8,6,8,5,2023-24
1610612743,Denver Nuggets,12,7,5,0.583,48.0,38.9,85.2,0.457,10.5,31.6,0.332,13.8,16.7,0.83,9.9,32.6,42.5,24.9,12.0,6.4,4.3,5.1,18.0,18.3,102.2,-2.1,6,5,11,4,6,7,5,9,11,13,11,12,13,4,9,7,7,2,8,7,11,9,6,11,11,9,2023-24
1610612754,Indiana Pacers,17,8,9,0.471,48.6,44.8,88.4,0.507,12.2,32.9,0.372,12.1,16.2,0.746,10.3,31.1,41.4,29.9,12.0,5.5,4.8,4.2,20.5,17.4,113.9,1.1,3,4,15,7,3,1,1,1,3,7,4,15,14,15,8,11,11,1,8,14,7,4,11,13,1,6,2023-24
1610612746,LA Clippers,6,2,4,0.333,48.0,35.7,82.2,0.434,11.8,31.7,0.374,17.2,21.7,0.792,11.2,30.8,42.0,20.2,13.5,6.2,3.2,6.3,22.8,20.2,100.3,-6.7,10,10,2,10,6,12,14,14,7,12,3,7,7,9,4,12,9,13,13,10,14,15,15,4,12,13,2023-24
1610612747,Los Angeles Lakers,5,1,4,0.2,48.0,41.6,84.6,0.492,8.8,29.4,0.299,14.4,18.8,0.766,7.4,33.2,40.6,24.4,11.0,6.0,4.0,3.2,16.6,16.4,106.4,-2.2,13,13,2,13,6,2,6,2,15,15,15,11,10,12,14,3,13,3,2,11,13,3,2,14,7,10,2023-24
1610612748,Miami Heat,5,1,4,0.2,48.0,35.6,81.2,0.438,11.2,34.0,0.329,9.8,12.0,0.817,5.6,30.6,36.2,21.2,11.6,4.6,1.4,5.2,16.8,15.6,92.2,-15.6,13,13,2,13,6,13,15,13,9,3,12,16,16,6,16,13,15,11,6,16,16,10,3,16,15,15,2023-24
1610612749,Milwaukee Bucks,6,2,4,0.333,48.8,40.8,86.3,0.473,11.2,31.5,0.354,17.3,21.2,0.819,9.5,33.2,42.7,22.2,10.7,5.3,3.2,4.5,18.7,19.3,110.2,-2.8,10,10,2,10,1,3,3,3,10,14,10,6,8,5,11,4,6,9,1,15,14,5,7,8,2,11,2023-24
1610612750,Minnesota Timberwolves,16,9,7,0.563,48.0,38.8,82.9,0.468,11.7,32.6,0.359,18.3,23.6,0.775,10.6,31.8,42.4,23.9,12.2,7.3,4.6,5.1,20.8,20.0,107.5,4.2,4,3,13,5,6,9,13,6,8,10,8,5,5,10,7,9,8,4,11,5,9,8,12,5,6,4,2023-24
1610612740,New Orleans Pelicans,4,0,4,0.0,48.0,33.5,84.5,0.396,8.8,32.8,0.267,13.8,16.0,0.859,12.3,33.3,45.5,19.5,18.0,8.8,4.5,5.3,20.0,16.0,89.5,-15.8,15,15,2,15,6,16,7,16,16,9,16,13,15,1,2,2,1,15,16,1,10,11,10,15,16,16,2023-24
1610612752,New York Knicks,13,7,6,0.538,48.4,39.8,87.8,0.453,11.9,31.8,0.375,18.5,24.4,0.757,13.5,29.4,42.8,22.5,11.2,5.7,5.4,6.3,17.8,21.2,109.9,-2.1,5,5,12,6,4,4,2,10,5,11,2,4,4,14,1,15,5,8,4,12,3,14,5,3,3,8,2023-24
1610612760,Oklahoma City Thunder,10,6,4,0.6,48.0,39.4,85.8,0.459,12.1,34.0,0.356,14.8,18.5,0.8,8.7,32.8,41.5,23.1,11.2,7.8,6.2,5.6,17.7,19.6,105.7,6.3,8,7,2,2,6,5,4,8,4,3,9,10,11,8,12,6,10,6,3,3,2,12,4,7,9,2,2023-24
1610612753,Orlando Magic,7,3,4,0.429,48.0,35.3,84.0,0.42,10.3,33.3,0.309,19.4,25.1,0.773,12.0,33.0,45.0,19.3,14.4,8.0,5.1,6.0,21.6,21.7,100.3,4.4,9,9,2,8,6,14,8,15,13,5,14,3,2,11,3,5,2,16,15,2,6,13,14,2,13,3,2023-24
1610612755,Philadelphia 76ers,6,2,4,0.333,48.8,37.0,83.3,0.444,13.5,35.7,0.379,20.7,24.7,0.838,10.7,30.5,41.2,23.0,11.8,5.5,6.3,7.2,21.5,19.2,108.2,-0.2,10,10,2,10,1,11,11,12,2,2,1,2,3,2,6,14,12,7,7,13,1,16,13,9,5,7,2023-24
1610612756,Phoenix Suns,4,0,4,0.0,48.0,35.3,75.8,0.465,9.5,26.0,0.365,23.3,28.0,0.83,7.3,25.3,32.5,19.8,14.3,7.5,4.3,2.8,23.3,24.3,103.3,-15.0,15,15,2,15,6,15,16,7,14,16,5,1,1,3,15,16,16,14,14,4,11,2,16,1,10,14,2023-24
1610612738,Boston Celtics,11,6,5,0.545,48.5,36.7,83.0,0.442,14.2,39.4,0.36,18.1,22.6,0.799,10.8,32.3,43.1,20.0,13.2,6.7,5.4,3.6,19.5,20.1,105.7,5.5,7,6,10,6,5,11,12,12,3,3,6,7,8,5,10,8,8,12,6,11,6,3,5,10,10,3,2024-25
1610612739,Cleveland Cavaliers,9,5,4,0.556,48.0,40.9,87.8,0.466,14.9,41.0,0.363,22.8,27.9,0.817,12.3,32.3,44.7,22.9,12.1,8.9,3.6,5.3,18.6,22.0,119.4,11.7,8,7,1,4,8,3,3,3,1,1,5,1,2,3,2,7,3,7,3,3,15,11,3,2,1,1,2024-25
1610612743,Denver Nuggets,14,7,7,0.5,48.7,38.6,86.5,0.446,11.9,34.2,0.347,18.0,23.6,0.764,12.3,34.1,46.4,22.6,15.8,7.6,4.2,6.4,19.9,21.1,107.0,-4.9,5,5,12,7,2,8,5,10,10,10,11,8,7,10,3,1,2,8,13,8,11,15,7,7,8,11,2024-25
1610612765,Detroit Pistons,6,2,4,0.333,48.0,37.2,82.7,0.45,10.2,31.3,0.324,22.2,27.8,0.796,11.0,32.8,43.8,20.0,16.5,7.2,6.3,5.7,22.8,21.8,106.7,-1.3,11,11,1,11,8,9,13,8,15,14,14,2,3,6,9,5,5,12,15,10,3,13,15,3,9,9,2024-25
1610612744,Golden State Warriors,12,5,7,0.417,48.0,36.8,85.5,0.431,13.7,38.8,0.353,15.8,20.5,0.768,12.1,28.3,40.3,23.3,14.4,8.9,3.9,5.3,21.2,19.3,103.1,-3.0,6,7,12,10,8,10,7,14,5,5,8,13,13,9,4,15,12,5,10,2,12,10,12,11,12,10,2024-25
1610612745,Houston Rockets,7,3,4,0.429,48.0,36.7,82.3,0.446,10.6,28.3,0.374,20.0,28.6,0.7,13.4,33.4,46.9,19.6,13.6,7.9,5.1,4.9,17.7,21.4,104.0,0.0,9,9,1,8,8,12,14,9,13,16,3,4,1,14,1,3,1,15,7,7,7,9,2,6,11,7,2024-25
1610612754,Indiana Pacers,23,15,8,0.652,48.4,40.8,84.3,0.484,13.2,33.7,0.39,19.3,24.7,0.785,8.1,32.5,40.6,26.4,14.3,8.0,5.7,4.7,23.3,21.6,114.1,2.0,1,2,15,2,6,4,11,2,8,11,1,6,6,7,16,6,11,1,9,4,4,6,16,5,3,5,2024-25
1610612746,LA Clippers,7,3,4,0.429,48.7,41.1,84.6,0.486,12.0,33.0,0.364,14.0,19.6,0.715,10.0,29.4,39.4,26.0,12.0,8.0,7.1,3.9,19.3,18.3,108.3,0.6,9,9,1,8,2,1,9,1,9,12,4,15,15,13,13,12,14,2,2,5,1,4,4,14,7,6,2024-25
1610612747,Los Angeles Lakers,5,1,4,0.2,48.0,34.6,78.8,0.439,13.6,38.8,0.351,17.6,21.2,0.83,9.6,29.4,39.0,21.2,14.6,5.0,5.0,3.6,21.0,20.8,100.4,-7.0,12,12,1,12,8,16,16,13,6,4,9,10,11,2,15,13,15,10,11,15,8,2,11,9,14,12,2024-25
1610612763,Memphis Grizzlies,4,0,4,0.0,48.0,36.0,86.8,0.415,10.5,34.5,0.304,18.0,20.5,0.878,10.3,34.0,44.3,20.5,19.3,5.8,6.5,6.8,20.8,18.8,100.5,-19.5,15,15,1,15,8,14,4,16,14,9,15,8,13,1,12,2,4,11,16,14,2,16,8,13,13,15,2024-25
1610612748,Miami Heat,4,0,4,0.0,48.0,36.3,81.5,0.445,13.8,39.8,0.346,9.3,13.3,0.698,10.0,27.3,37.3,21.3,16.0,4.5,3.0,3.0,17.3,13.3,95.5,-30.5,15,15,1,15,8,13,15,11,4,2,12,16,16,15,13,16,16,9,14,16,16,1,1,16,15,16,2024-25
1610612749,Milwaukee Bucks,5,1,4,0.2,49.0,39.8,87.8,0.453,14.4,38.0,0.379,16.2,22.4,0.723,10.4,33.2,43.6,23.8,13.0,6.0,3.6,4.8,19.6,19.2,110.2,-7.6,12,12,1,12,1,5,2,7,2,6,2,12,9,12,11,4,6,4,5,13,14,7,6,12,4,13,2024-25
1610612750,Minnesota Timberwolves,15,9,6,0.6,48.0,39.5,85.5,0.462,13.3,37.1,0.358,16.9,21.9,0.771,11.7,30.5,42.2,24.2,15.7,7.3,4.7,4.0,20.8,21.0,109.1,2.7,4,4,11,3,8,6,8,4,7,7,7,11,10,8,6,11,10,3,12,9,9,5,9,8,6,4,2024-25
1610612752,New York Knicks,18,10,8,0.556,48.6,39.4,86.5,0.455,11.1,31.7,0.349,19.7,25.9,0.76,11.8,30.8,42.6,19.8,13.8,7.9,4.7,5.7,20.9,22.8,109.6,0.0,3,3,15,4,4,7,5,6,12,13,10,5,5,11,5,10,9,14,8,6,10,14,10,1,5,7,2024-25
1610612760,Oklahoma City Thunder,23,16,7,0.696,48.2,41.0,89.8,0.456,11.8,35.0,0.338,20.9,26.0,0.801,11.4,32.1,43.6,23.0,12.3,10.7,5.7,5.4,21.5,21.7,114.7,8.3,1,1,12,1,7,2,1,5,11,8,13,3,4,4,7,9,7,6,4,1,4,12,14,4,2,2,2024-25
1610612753,Orlando Magic,5,1,4,0.2,48.0,35.6,84.4,0.422,8.2,31.2,0.263,14.2,20.6,0.689,11.4,28.4,39.8,18.6,11.6,6.4,3.8,4.8,21.4,17.4,93.6,-12.8,12,12,1,12,8,15,10,15,16,15,16,14,12,16,8,14,13,16,1,12,13,7,13,15,16,14,2024-25
