team_id,team_abbreviation,season,top1_pie,top1_ts_pct,top1_efg_pct,top1_usg_pct,top1_ast_to,top1_stl,top1_blk,top1_def_rating,top1_net_rating,top1_oreb_pct,top1_dreb_pct
1610612737,ATL,2015-16,0.193,0.604,0.554,0.26,2.0,0.5,1.3,98.2,16.2,0.136,0.0
1610612737,ATL,2016-17,0.552,1.031,1.167,0.5,0.0,0.0,0.0,100.0,12.5,0.0,0.0
1610612737,ATL,2020-21,0.286,0.8,0.8,0.133,1.0,0.3,0.0,81.1,-6.1,0.0,0.105
1610612737,ATL,2021-22,0.418,0.926,0.909,0.652,0.0,1.0,0.0,100.0,22.7,0.0,0.333
1610612737,ATL,2022-23,0.132,0.538,0.515,0.244,3.4,2.0,0.2,119.4,-8.1,0.04,0.155
1610612738,BOS,2015-16,0.214,0.5,0.5,0.19,0.0,0.0,0.5,89.5,-6.1,0.0,0.083
1610612738,BOS,2016-17,0.141,0.668,0.655,0.175,2.94,0.8,0.8,116.3,-6.5,0.051,0.151
1610612738,BOS,2017-18,0.149,0.631,0.581,0.182,1.97,1.0,1.2,103.7,5.1,0.047,0.193
1610612738,BOS,2018-19,0.21,0.694,0.5,0.103,0.0,0.0,0.0,93.1,10.6,0.083,0.316
1610612738,BOS,2019-20,0.5,0.798,1.0,0.286,0.0,0.0,0.0,114.3,-14.3,0.0,0.25
1610612738,BOS,2020-21,1.0,0.0,0.0,0.0,0.0,0.0,0.0,0.0,50.0,0.0,0.5
1610612738,BOS,2021-22,0.214,1.0,1.0,0.125,0.0,0.0,0.0,54.5,35.5,0.0,0.105
1610612738,BOS,2022-23,0.174,0.957,0.938,0.11,0.0,0.0,0.1,114.9,4.5,0.139,0.2
1610612738,BOS,2023-24,0.214,0.667,0.667,0.103,0.0,0.0,0.3,55.6,40.7,0.083,0.111
1610612738,BOS,2024-25,0.262,0.833,0.833,0.182,0.0,0.3,0.0,107.7,-30.8,0.105,0.0
1610612739,CLE,2015-16,0.688,1.125,1.125,0.364,0.0,0.0,0.0,37.5,102.5,0.0,0.0
1610612739,CLE,2016-17,0.199,0.649,0.622,0.311,1.96,1.9,1.3,109.9,13.0,0.027,0.189
1610612739,CLE,2017-18,0.224,0.619,0.577,0.344,2.11,1.4,1.0,112.3,-2.6,0.035,0.194
1610612739,CLE,2022-23,0.344,1.031,1.0,0.333,0.0,0.0,0.0,71.4,21.4,0.25,0.0
1610612739,CLE,2023-24,0.213,0.702,0.676,0.189,1.0,1.3,1.0,108.0,-4.9,0.122,0.313
1610612739,CLE,2024-25,0.212,0.68,0.633,0.282,3.5,0.5,0.3,75.0,46.0,0.115,0.108
1610612740,NOP,2017-18,0.286,0.731,0.731,0.444,0.33,0.5,0.0,105.7,-22.9,0.0,0.25
1610612740,NOP,2021-22,0.147,0.548,0.493,0.222,1.5,0.7,0.2,121.1,-4.7,0.191,0.368
1610612740,NOP,2023-24,0.158,0.586,0.524,0.28,0.5,0.5,0.0,116.5,-20.4,0.176,0.302
1610612741,CHI,2015-16,0.214,1.0,1.0,0.333,0.0,0.0,0.0,175.0,-41.7,0.0,0.0
1610612741,CHI,2016-17,0.163,0.513,0.364,0.258,2.5,0.0,0.0,92.3,13.4,0.185,0.0
1610612741,CHI,2021-22,0.492,1.0,1.0,0.238,0.0,0.0,0.0,63.2,52.6,0.0,0.267
1610612742,DAL,2015-16,0.125,0.564,0.518,0.258,1.14,0.4,0.6,120.4,-14.2,0.019,0.123
1610612742,DAL,2019-20,0.189,0.596,0.563,0.365,1.68,1.2,0.5,118.2,-9.1,0.018,0.243
1610612742,DAL,2020-21,0.186,0.572,0.569,0.391,2.25,1.3,0.4,117.9,0.4,0.014,0.209
1610612742,DAL,2021-22,0.204,0.577,0.527,0.396,1.63,1.8,0.6,111.4,2.7,0.019,0.259
1610612742,DAL,2023-24,0.177,0.556,0.514,0.324,1.98,1.9,0.4,109.4,4.3,0.018,0.211
1610612743,DEN,2018-19,0.202,0.596,0.548,0.262,3.28,1.1,0.9,107.5,7.1,0.092,0.218
1610612743,DEN,2019-20,0.333,0.0,0.0,0.0,0.0,0.0,0.0,28.6,100.0,0.0,0.2
1610612743,DEN,2020-21,0.191,0.591,0.553,0.34,2.08,0.6,0.9,123.5,-9.1,0.1,0.256
1610612743,DEN,2021-22,0.226,0.744,0.724,0.326,0.86,0.6,0.2,114.9,5.8,0.063,0.286
1610612743,DEN,2022-23,0.21,0.631,0.591,0.301,2.71,1.1,1.0,110.5,9.7,0.092,0.258
1610612743,DEN,2023-24,0.231,0.667,0.667,0.115,0.0,0.0,0.3,77.3,-12.1,0.0,0.077
1610612743,DEN,2024-25,0.18,0.587,0.539,0.278,2.04,2.0,0.9,112.8,-1.5,0.049,0.25
1610612744,GSW,2015-16,0.156,0.603,0.556,0.308,1.24,1.4,0.3,106.9,3.1,0.022,0.126
1610612744,GSW,2016-17,0.179,0.683,0.627,0.279,1.68,0.8,1.3,108.7,15.1,0.033,0.171
1610612744,GSW,2017-18,0.266,0.692,0.571,0.225,0.33,0.4,0.1,79.6,29.3,0.188,0.194
1610612744,GSW,2018-19,0.176,0.661,0.586,0.318,1.26,1.1,1.0,109.1,9.5,0.002,0.127
1610612744,GSW,2021-22,0.158,0.606,0.563,0.304,2.26,1.3,0.4,109.5,7.2,0.015,0.127
1610612744,GSW,2022-23,0.149,0.584,0.578,0.103,3.31,0.6,0.4,103.7,7.9,0.164,0.3
1610612744,GSW,2024-25,0.152,0.636,0.6,0.265,1.52,1.0,0.8,112.0,3.7,0.007,0.139
1610612745,HOU,2015-16,0.164,0.555,0.475,0.308,1.46,2.4,0.2,112.8,-21.4,0.03,0.104
1610612745,HOU,2016-17,0.252,0.625,0.625,0.345,0.0,0.0,0.0,111.4,-34.8,0.0,0.0
1610612745,HOU,2017-18,0.162,0.548,0.478,0.357,1.78,2.2,0.6,105.0,6.0,0.022,0.127
1610612745,HOU,2018-19,0.368,1.0,1.0,0.25,0.0,0.0,0.0,150.0,-92.9,0.2,0.0
1610612745,HOU,2019-20,1.0,0.0,0.0,0.0,0.0,0.0,0.0,0.0,0.0,0.0,0.0
1610612745,HOU,2024-25,0.157,0.491,0.462,0.278,2.47,1.9,0.4,104.0,7.0,0.077,0.225
1610612746,LAC,2015-16,0.286,1.042,1.0,0.125,0.0,0.0,0.0,83.3,31.0,0.0,0.0
1610612746,LAC,2016-17,0.212,0.592,0.548,0.301,3.63,1.7,0.1,107.7,1.2,0.017,0.134
1610612746,LAC,2018-19,0.154,0.518,0.5,0.221,0.25,0.5,0.5,96.4,-1.2,0.193,0.297
1610612746,LAC,2019-20,0.274,1.5,1.5,0.13,0.0,0.0,0.0,95.5,45.5,0.0,0.083
1610612746,LAC,2020-21,0.191,0.679,0.629,0.286,2.0,2.1,0.8,116.5,3.3,0.057,0.147
1610612746,LAC,2022-23,0.187,0.67,0.614,0.285,2.0,2.0,0.5,119.8,-4.9,0.034,0.156
1610612746,LAC,2023-24,0.235,0.628,0.5,0.345,4.0,0.0,0.0,116.0,8.0,0.0,0.167
1610612746,LAC,2024-25,0.354,0.948,0.938,0.222,0.0,0.0,0.0,80.6,64.5,0.0,0.077
1610612747,LAL,2019-20,0.235,0.647,0.618,0.296,2.19,1.2,0.9,104.5,10.9,0.039,0.261
1610612747,LAL,2020-21,0.173,0.564,0.553,0.289,1.92,1.5,0.3,106.8,2.3,0.032,0.164
1610612747,LAL,2022-23,0.168,0.599,0.53,0.237,1.21,1.4,3.1,111.2,3.7,0.064,0.27
1610612747,LAL,2023-24,0.178,0.665,0.634,0.246,1.82,0.4,1.6,114.8,-3.2,0.078,0.297
1610612747,LAL,2024-25,1.0,0.5,0.5,0.455,0.0,0.0,0.0,66.7,16.7,0.286,0.333
1610612748,MIA,2015-16,0.246,0.68,0.6,0.273,0.0,0.0,0.0,92.1,-2.1,0.0,0.261
1610612748,MIA,2017-18,0.151,0.51,0.443,0.293,1.64,1.4,0.2,99.3,1.4,0.021,0.124
1610612748,MIA,2019-20,0.15,0.616,0.514,0.244,2.15,2.0,0.7,111.6,2.5,0.06,0.113
1610612748,MIA,2020-21,0.152,0.608,0.75,0.385,0.0,0.0,0.7,76.0,3.2,0.0,0.333
1610612748,MIA,2021-22,0.205,0.604,0.541,0.28,3.12,2.1,0.6,105.7,7.7,0.063,0.143
1610612748,MIA,2022-23,0.158,0.565,0.5,0.281,3.15,1.8,0.6,112.7,-1.0,0.052,0.113
1610612748,MIA,2023-24,0.2,0.721,0.714,0.286,0.5,0.0,0.0,96.9,-15.1,0.118,0.176
1610612748,MIA,2024-25,0.137,1.0,1.0,0.1,0.0,0.0,0.0,121.4,0.8,0.0,0.133
1610612749,MIL,2016-17,0.178,0.615,0.529,0.256,0.91,1.3,0.5,99.6,6.5,0.123,0.233
1610612749,MIL,2017-18,0.183,0.62,0.587,0.276,2.59,1.4,0.9,109.3,-0.6,0.033,0.209
1610612749,MIL,2018-19,0.188,0.572,0.529,0.31,1.46,1.2,2.0,99.2,10.5,0.064,0.246
1610612749,MIL,2019-20,0.223,0.61,0.599,0.339,1.7,0.7,0.9,104.8,3.6,0.091,0.33
1610612749,MIL,2020-21,0.206,0.6,0.6,0.15,1.0,0.2,0.0,85.3,-22.4,0.067,0.059
1610612749,MIL,2021-22,0.208,0.552,0.507,0.373,1.5,0.7,1.3,99.2,7.1,0.054,0.286
1610612749,MIL,2022-23,0.179,0.833,0.833,0.231,0.0,0.0,0.0,118.2,-9.8,0.0,0.2
1610612749,MIL,2023-24,0.144,0.64,0.543,0.3,2.22,1.0,0.0,124.8,-13.8,0.012,0.066
1610612749,MIL,2024-25,0.211,0.651,0.611,0.352,1.43,1.0,1.0,122.1,-7.0,0.101,0.341
1610612750,MIN,2017-18,0.167,0.515,0.667,0.5,0.0,0.0,0.0,57.1,9.5,0.0,0.0
1610612750,MIN,2021-22,0.25,0.4,0.4,0.375,1.0,1.0,0.0,92.9,-21.4,0.091,0.111
1610612750,MIN,2022-23,0.166,0.602,0.548,0.328,3.25,1.8,2.0,119.8,-2.3,0.017,0.116
1610612750,MIN,2023-24,0.454,0.934,0.917,0.254,0.0,0.0,0.0,68.6,36.8,0.071,0.125
1610612750,MIN,2024-25,0.233,0.813,0.813,0.243,0.0,0.0,0.0,114.3,-1.4,0.214,0.182
1610612751,BKN,2018-19,0.25,0.826,0.773,0.194,0.0,0.3,0.0,101.5,36.4,0.08,0.167
1610612751,BKN,2019-20,0.172,0.69,0.625,0.225,1.5,0.0,0.3,120.0,-30.9,0.0,0.258
1610612751,BKN,2020-21,0.204,0.571,0.571,0.154,0.0,0.6,0.0,80.4,21.5,0.103,0.435
1610612751,BKN,2021-22,0.128,0.624,0.792,0.17,3.0,1.3,2.3,115.4,-0.5,0.08,0.178
1610612751,BKN,2022-23,0.137,0.714,0.72,0.129,2.0,0.3,1.8,110.6,-9.7,0.048,0.211
1610612752,NYK,2020-21,1.125,1.136,0.0,0.111,0.0,0.0,1.0,25.0,97.2,0.0,0.2
1610612752,NYK,2022-23,0.165,0.589,0.53,0.277,2.7,1.5,0.1,109.5,3.8,0.02,0.103
1610612752,NYK,2023-24,0.181,0.931,1.0,0.06,0.0,0.4,0.2,78.9,10.9,0.088,0.217
1610612752,NYK,2024-25,0.215,1.5,1.5,0.077,0.0,0.0,0.0,92.9,76.4,0.0,0.111
1610612753,ORL,2018-19,0.183,0.425,0.4,0.154,0.0,0.3,0.0,36.4,51.9,0.042,0.13
1610612753,ORL,2019-20,0.353,1.5,1.5,0.111,0.0,0.0,0.0,37.5,95.8,0.0,0.333
1610612753,ORL,2023-24,0.164,0.554,0.51,0.332,0.88,1.1,0.6,99.1,3.4,0.049,0.174
1610612753,ORL,2024-25,0.233,1.5,1.5,0.222,0.0,0.0,0.0,111.1,11.1,0.0,0.0
1610612754,IND,2015-16,0.217,0.632,0.528,0.308,1.3,2.0,0.7,99.0,9.5,0.039,0.146
1610612754,IND,2016-17,0.147,0.553,0.489,0.29,2.23,1.8,0.5,120.5,-7.1,0.028,0.182
1610612754,IND,2017-18,0.192,0.548,0.508,0.299,1.75,2.4,0.4,99.0,12.6,0.012,0.214
1610612754,IND,2018-19,0.8,0.0,0.0,0.0,0.0,0.0,0.0,0.0,125.0,0.0,1.0
1610612754,IND,2019-20,0.133,0.556,0.469,0.251,4.0,1.0,0.0,112.3,-6.2,0.0,0.113
1610612754,IND,2023-24,1.0,0.568,0.0,1.0,0.0,0.0,0.0,0.0,50.0,0.0,0.0
1610612754,IND,2024-25,0.16,0.583,0.56,0.246,2.11,0.9,0.1,110.0,-3.5,0.031,0.149
1610612755,PHI,2017-18,0.167,1.5,1.5,0.25,0.0,0.0,0.0,133.3,41.7,0.0,0.0
1610612755,PHI,2018-19,0.182,0.0,0.0,0.0,0.0,0.5,0.0,6.7,93.3,0.0,0.0
1610612755,PHI,2019-20,0.242,0.444,0.2,0.14,0.0,0.0,0.0,79.5,6.2,0.083,0.261
1610612755,PHI,2020-21,2.0,0.0,0.0,0.0,0.0,0.0,0.0,50.0,0.0,0.0,0.0
1610612755,PHI,2021-22,0.145,0.5,0.5,0.154,0.0,0.0,0.0,96.9,9.6,0.0,0.235
1610612755,PHI,2022-23,0.154,0.68,0.6,0.156,2.0,0.3,0.0,104.9,-9.8,0.0,0.15
1610612755,PHI,2023-24,0.176,0.592,0.492,0.358,1.36,1.2,1.5,114.8,9.3,0.084,0.169
1610612756,PHX,2020-21,0.308,1.0,1.0,0.333,0.0,0.0,0.0,75.0,-8.3,0.0,0.0
1610612756,PHX,2021-22,0.265,0.727,0.75,0.25,0.0,0.5,0.2,84.4,70.1,0.136,0.0
1610612756,PHX,2022-23,0.169,0.686,0.649,0.283,2.47,1.7,0.8,120.0,-3.4,0.028,0.088
1610612756,PHX,2023-24,0.141,0.653,0.59,0.256,1.3,0.5,1.5,129.4,-18.8,0.007,0.154
1610612757,POR,2015-16,0.177,1.333,1.333,0.176,0.0,0.0,0.0,125.0,-18.8,0.0,0.0
1610612757,POR,2016-17,0.204,0.333,0.333,0.171,1.33,0.0,1.0,82.9,22.9,0.0,0.5
1610612757,POR,2017-18,0.364,1.0,1.0,0.19,0.0,0.0,0.0,66.7,57.1,0.0,0.5
1610612757,POR,2018-19,0.13,0.566,0.508,0.286,1.77,1.7,0.3,112.0,-1.3,0.011,0.102
1610612757,POR,2019-20,0.141,0.618,0.508,0.266,1.21,0.5,0.3,113.3,-15.6,0.006,0.083
1610612757,POR,2020-21,0.246,0.75,0.75,0.19,0.0,0.0,0.0,100.0,0.0,0.2,0.125
1610612758,SAC,2022-23,0.371,0.667,0.667,0.353,0.0,0.0,0.0,63.6,72.7,0.125,0.25
1610612759,SAS,2015-16,0.174,0.597,0.551,0.274,1.75,2.6,1.4,101.7,8.8,0.042,0.142
1610612759,SAS,2016-17,0.213,0.672,0.587,0.29,2.12,1.7,0.5,108.3,11.2,0.048,0.18
1610612759,SAS,2017-18,0.176,1.0,1.0,0.077,0.0,0.0,0.0,76.9,31.4,0.0,0.125
1610612759,SAS,2018-19,0.286,1.0,1.0,0.1,0.0,0.0,0.0,69.6,22.4,0.133,0.333
1610612760,OKC,2015-16,0.385,0.5,0.5,0.12,0.0,0.0,0.0,70.0,6.2,0.083,0.0
1610612760,OKC,2016-17,0.231,0.511,0.431,0.452,1.8,2.4,0.4,106.0,2.6,0.043,0.233
1610612760,OKC,2017-18,0.176,0.493,0.444,0.378,1.45,1.5,0.0,106.8,-7.4,0.042,0.246
1610612760,OKC,2018-19,0.167,0.5,0.5,0.167,0.0,0.0,0.3,63.6,-18.2,0.0,0.0
1610612760,OKC,2019-20,0.157,0.65,0.597,0.142,1.0,0.0,0.4,98.1,0.0,0.014,0.288
1610612760,OKC,2020-21,0.042,0.419,0.354,0.245,1.5,0.3,0.0,135.3,-28.9,0.0,0.15
1610612760,OKC,2023-24,0.183,0.582,0.531,0.312,2.91,1.3,1.7,104.4,6.4,0.019,0.152
1610612760,OKC,2024-25,0.179,0.574,0.494,0.322,2.5,1.7,0.9,104.8,9.7,0.025,0.111
1610612761,TOR,2015-16,0.201,0.601,0.567,0.212,0.61,0.8,1.2,100.8,0.1,0.143,0.293
1610612761,TOR,2016-17,0.186,0.521,0.5,0.15,0.0,0.0,0.0,60.0,60.0,0.0,0.0
1610612761,TOR,2017-18,0.16,0.599,0.551,0.246,0.63,0.4,1.5,110.6,3.4,0.13,0.302
1610612761,TOR,2018-19,0.192,0.619,0.545,0.31,1.27,1.7,0.7,104.5,8.3,0.058,0.172
1610612761,TOR,2019-20,0.182,0.702,0.677,0.215,1.08,0.2,1.3,101.5,7.2,0.065,0.235
1610612761,TOR,2021-22,0.444,1.136,0.0,0.111,0.0,0.0,0.0,71.4,0.0,0.0,0.333
1610612762,UTA,2016-17,0.151,0.598,0.516,0.273,1.54,0.9,0.3,111.6,-8.7,0.018,0.155
1610612762,UTA,2017-18,0.188,0.5,0.5,0.4,0.0,0.0,0.0,100.0,100.0,0.333,0.0
1610612762,UTA,2018-19,0.196,0.665,0.639,0.206,0.8,0.8,1.8,96.7,3.3,0.135,0.198
1610612762,UTA,2019-20,0.195,0.696,0.634,0.37,1.17,1.0,0.3,116.1,6.5,0.026,0.117
1610612762,UTA,2020-21,0.162,0.602,0.553,0.369,1.96,1.1,0.2,120.9,3.1,0.009,0.122
1610612762,UTA,2021-22,0.593,1.025,1.0,0.167,0.0,1.0,0.0,72.7,36.4,0.0,0.167
1610612763,MEM,2015-16,0.113,0.616,0.561,0.198,1.67,0.5,0.3,114.9,-25.8,0.049,0.141
1610612763,MEM,2016-17,0.203,0.595,0.6,0.2,0.0,0.0,0.0,116.7,-21.0,0.0,0.0
1610612763,MEM,2020-21,1.333,0.0,0.0,0.0,0.0,0.0,0.0,0.0,66.7,0.0,0.25
1610612763,MEM,2021-22,0.178,0.549,0.486,0.304,2.75,2.0,0.4,109.4,5.3,0.035,0.172
1610612763,MEM,2022-23,0.135,0.524,0.486,0.287,2.06,1.8,0.2,110.0,-3.7,0.035,0.136
1610612763,MEM,2024-25,0.254,0.694,0.5,0.167,1.0,0.0,1.5,78.0,-17.1,0.059,0.087
1610612764,WAS,2016-17,0.172,0.709,0.667,0.268,0.0,0.0,0.0,86.8,26.7,0.0,0.0
1610612764,WAS,2017-18,0.17,0.528,0.457,0.325,2.56,2.3,1.3,111.3,-0.9,0.014,0.142
1610612764,WAS,2020-21,0.141,0.51,0.4,0.149,1.0,0.0,0.0,97.4,-33.5,0.0,0.188
1610612765,DET,2015-16,0.16,1.0,1.0,0.143,0.0,0.5,0.0,132.6,-32.6,0.0,0.091
1610612765,DET,2018-19,0.222,0.563,0.542,0.375,0.0,0.7,0.0,80.6,25.8,0.0,0.2
1610612765,DET,2024-25,0.145,0.509,0.446,0.304,1.63,1.8,1.3,107.6,1.5,0.024,0.17
1610612766,CHA,2015-16,0.25,0.611,0.611,0.346,0.0,0.0,0.0,108.0,-28.8,0.067,0.0
