team_id,season,net_rating,ts_pct,pie,top1_oreb_pct,top1_pie,top1_usg_pct,top1_net_rating,playoff_stage
1610612737,2015-16,-0.8,0.533,0.516,0.136,0.193,0.26,16.2,Second Round
1610612738,2015-16,-6.9,0.475,0.436,0.0,0.214,0.19,-6.1,First Round
1610612766,2015-16,-9.3,0.494,0.431,0.067,0.25,0.346,-28.8,First Round
1610612739,2015-16,9.5,0.573,0.551,0.0,0.688,0.364,102.5,Champion
1610612742,2015-16,-18.7,0.511,0.39,0.019,0.125,0.258,-14.2,First Round
1610612765,2015-16,-10.1,0.559,0.474,0.0,0.16,0.143,-32.6,First Round
1610612744,2015-16,4.5,0.562,0.535,0.022,0.156,0.308,3.1,Finals
1610612745,2015-16,-19.3,0.467,0.344,0.03,0.164,0.308,-21.4,First Round
1610612754,2015-16,1.9,0.549,0.538,0.039,0.217,0.308,9.5,First Round
1610612746,2015-16,0.7,0.502,0.511,0.0,0.286,0.125,31.0,First Round
1610612763,2015-16,-23.9,0.455,0.328,0.049,0.113,0.198,-25.8,First Round
1610612748,2015-16,3.1,0.539,0.538,0.0,0.246,0.273,-2.1,Second Round
1610612760,2015-16,5.5,0.551,0.533,0.083,0.385,0.12,6.2,Conference Finals
1610612757,2015-16,-2.3,0.523,0.466,0.0,0.177,0.176,-18.8,Second Round
1610612759,2015-16,9.3,0.557,0.568,0.042,0.174,0.274,8.8,Second Round
1610612761,2015-16,-4.7,0.507,0.446,0.143,0.201,0.212,0.1,Conference Finals
1610612737,2016-17,-0.5,0.542,0.487,0.0,0.552,0.5,12.5,First Round
1610612738,2016-17,-3.1,0.566,0.482,0.051,0.141,0.175,-6.5,Conference Finals
1610612741,2016-17,-6.9,0.529,0.467,0.185,0.163,0.258,13.4,First Round
1610612739,2016-17,8.1,0.614,0.538,0.027,0.199,0.311,13.0,Finals
1610612744,2016-17,12.9,0.608,0.588,0.033,0.179,0.279,15.1,Champion
1610612745,2016-17,1.2,0.559,0.484,0.0,0.252,0.345,-34.8,Second Round
1610612754,2016-17,-4.5,0.564,0.483,0.028,0.147,0.29,-7.1,First Round
1610612746,2016-17,-1.1,0.558,0.481,0.017,0.212,0.301,1.2,First Round
1610612763,2016-17,-9.3,0.559,0.458,0.0,0.203,0.2,-21.0,First Round
1610612749,2016-17,-0.4,0.533,0.49,0.123,0.178,0.256,6.5,First Round
1610612760,2016-17,-8.7,0.525,0.477,0.043,0.231,0.452,2.6,First Round
1610612757,2016-17,-16.9,0.507,0.368,0.0,0.204,0.171,22.9,First Round
1610612759,2016-17,1.2,0.551,0.507,0.048,0.213,0.29,11.2,Conference Finals
1610612761,2016-17,-5.9,0.541,0.47,0.0,0.186,0.15,60.0,Second Round
1610612762,2016-17,-5.2,0.552,0.469,0.018,0.151,0.273,-8.7,Second Round
1610612764,2016-17,-0.3,0.549,0.501,0.0,0.172,0.268,26.7,Second Round
1610612738,2017-18,0.9,0.541,0.499,0.047,0.149,0.182,5.1,Conference Finals
1610612739,2017-18,-2.8,0.55,0.483,0.035,0.224,0.344,-2.6,Finals
1610612744,2017-18,10.7,0.581,0.572,0.188,0.266,0.225,29.3,Champion
1610612745,2017-18,1.6,0.552,0.497,0.022,0.162,0.357,6.0,Conference Finals
1610612754,2017-18,6.9,0.567,0.545,0.012,0.192,0.299,12.6,First Round
1610612748,2017-18,-10.4,0.542,0.429,0.021,0.151,0.293,1.4,First Round
1610612749,2017-18,-0.1,0.585,0.509,0.033,0.183,0.276,-0.6,First Round
1610612750,2017-18,-9.0,0.548,0.475,0.0,0.167,0.5,9.5,First Round
1610612740,2017-18,-1.4,0.562,0.504,0.0,0.286,0.444,-22.9,Second Round
1610612760,2017-18,-4.0,0.528,0.469,0.042,0.176,0.378,-7.4,First Round
1610612755,2017-18,3.9,0.539,0.532,0.0,0.167,0.25,41.7,Second Round
1610612757,2017-18,-8.4,0.539,0.426,0.0,0.364,0.19,57.1,First Round
1610612759,2017-18,-9.8,0.515,0.418,0.0,0.176,0.077,31.4,First Round
1610612761,2017-18,-4.9,0.578,0.469,0.13,0.16,0.246,3.4,Second Round
1610612762,2017-18,-1.8,0.549,0.488,0.333,0.188,0.4,100.0,Second Round
1610612764,2017-18,-1.1,0.561,0.498,0.014,0.17,0.325,-0.9,First Round
1610612738,2018-19,-1.5,0.539,0.502,0.083,0.21,0.103,10.6,Second Round
1610612751,2018-19,-10.2,0.534,0.413,0.08,0.25,0.194,36.4,First Round
1610612743,2018-19,2.2,0.539,0.518,0.092,0.202,0.262,7.1,Second Round
1610612765,2018-19,-23.8,0.471,0.354,0.0,0.222,0.375,25.8,First Round
1610612744,2018-19,3.1,0.589,0.536,0.002,0.176,0.318,9.5,Finals
1610612745,2018-19,3.0,0.574,0.497,0.2,0.368,0.25,-92.9,Second Round
1610612754,2018-19,-8.1,0.496,0.454,0.0,0.8,0.0,125.0,First Round
1610612746,2018-19,-9.0,0.563,0.431,0.193,0.154,0.221,-1.2,First Round
1610612749,2018-19,8.8,0.56,0.555,0.064,0.188,0.31,10.5,Conference Finals
1610612760,2018-19,-5.5,0.541,0.482,0.0,0.167,0.167,-18.2,First Round
1610612753,2018-19,-15.7,0.496,0.399,0.042,0.183,0.154,51.9,First Round
1610612755,2018-19,3.1,0.559,0.538,0.0,0.182,0.0,93.3,Second Round
1610612757,2018-19,-1.1,0.541,0.471,0.011,0.13,0.286,-1.3,Conference Finals
1610612759,2018-19,-2.3,0.542,0.493,0.133,0.286,0.1,22.4,First Round
1610612761,2018-19,5.6,0.561,0.524,0.058,0.192,0.31,8.3,Champion
1610612762,2018-19,-9.3,0.501,0.473,0.135,0.196,0.206,3.3,First Round
1610612738,2019-20,5.3,0.572,0.531,0.0,0.5,0.286,-14.3,Conference Finals
1610612751,2019-20,-20.4,0.518,0.388,0.0,0.172,0.225,-30.9,First Round
1610612742,2019-20,-9.3,0.58,0.463,0.018,0.189,0.365,-9.1,First Round
1610612743,2019-20,-2.4,0.584,0.491,0.0,0.333,0.0,100.0,Conference Finals
1610612745,2019-20,0.8,0.569,0.48,0.0,1.0,0.0,0.0,Second Round
1610612754,2019-20,-8.8,0.565,0.434,0.0,0.133,0.251,-6.2,First Round
1610612746,2019-20,4.2,0.585,0.513,0.0,0.274,0.13,45.5,Second Round
1610612747,2019-20,6.9,0.595,0.548,0.039,0.235,0.296,10.9,Champion
1610612748,2019-20,1.9,0.587,0.521,0.06,0.15,0.244,2.5,Finals
1610612749,2019-20,1.8,0.568,0.502,0.091,0.223,0.339,3.6,Second Round
1610612760,2019-20,-6.6,0.542,0.482,0.014,0.157,0.142,0.0,First Round
1610612753,2019-20,-9.6,0.547,0.446,0.0,0.353,0.111,95.8,First Round
1610612755,2019-20,-12.3,0.512,0.446,0.083,0.242,0.14,6.2,First Round
1610612757,2019-20,-10.4,0.537,0.415,0.006,0.141,0.266,-15.6,First Round
1610612761,2019-20,3.8,0.559,0.515,0.065,0.182,0.215,7.2,Second Round
1610612762,2019-20,3.5,0.616,0.517,0.026,0.195,0.37,6.5,First Round
1610612737,2020-21,-1.8,0.554,0.483,0.0,0.286,0.133,-6.1,Conference Finals
1610612738,2020-21,-12.1,0.56,0.439,0.0,1.0,0.0,50.0,First Round
1610612751,2020-21,6.6,0.592,0.539,0.103,0.204,0.154,21.5,Second Round
1610612742,2020-21,-5.5,0.559,0.448,0.014,0.186,0.391,0.4,First Round
1610612743,2020-21,-5.3,0.566,0.469,0.1,0.191,0.34,-9.1,Second Round
1610612746,2020-21,4.8,0.604,0.534,0.057,0.191,0.286,3.3,Conference Finals
1610612747,2020-21,-6.7,0.52,0.442,0.032,0.173,0.289,2.3,First Round
1610612763,2020-21,-8.4,0.556,0.459,0.0,1.333,0.0,66.7,First Round
1610612748,2020-21,-19.7,0.499,0.389,0.0,0.152,0.385,3.2,First Round
1610612749,2020-21,5.3,0.55,0.531,0.067,0.206,0.15,-22.4,Champion
1610612752,2020-21,-7.6,0.505,0.448,0.0,1.125,0.111,97.2,First Round
1610612755,2020-21,8.1,0.589,0.552,0.0,2.0,0.0,0.0,Second Round
1610612756,2020-21,4.2,0.585,0.536,0.0,0.308,0.333,-8.3,Finals
1610612757,2020-21,-0.7,0.608,0.484,0.2,0.246,0.19,0.0,First Round
1610612762,2020-21,-1.6,0.616,0.485,0.009,0.162,0.369,3.1,Second Round
1610612764,2020-21,-14.1,0.543,0.426,0.0,0.141,0.149,-33.5,First Round
1610612737,2021-22,-11.8,0.554,0.43,0.0,0.418,0.652,22.7,First Round
1610612738,2021-22,3.9,0.574,0.529,0.0,0.214,0.125,35.5,Finals
1610612751,2021-22,-4.1,0.61,0.468,0.08,0.128,0.17,-0.5,First Round
1610612741,2021-22,-13.8,0.493,0.433,0.0,0.492,0.238,52.6,First Round
1610612742,2021-22,0.6,0.584,0.48,0.019,0.204,0.396,2.7,Conference Finals
1610612743,2021-22,-8.0,0.586,0.455,0.063,0.226,0.326,5.8,First Round
1610612744,2021-22,4.9,0.59,0.53,0.015,0.158,0.304,7.2,Champion
1610612763,2021-22,2.7,0.545,0.51,0.035,0.178,0.304,5.3,Second Round
1610612748,2021-22,3.8,0.55,0.515,0.063,0.205,0.28,7.7,Conference Finals
1610612749,2021-22,0.6,0.529,0.507,0.054,0.208,0.373,7.1,Second Round
1610612750,2021-22,-5.9,0.579,0.47,0.091,0.25,0.375,-21.4,First Round
1610612740,2021-22,-2.2,0.566,0.467,0.191,0.147,0.222,-4.7,First Round
1610612755,2021-22,1.0,0.592,0.506,0.0,0.145,0.154,9.6,Second Round
1610612756,2021-22,0.0,0.591,0.523,0.136,0.265,0.25,70.1,Second Round
1610612761,2021-22,-9.9,0.542,0.443,0.0,0.444,0.111,0.0,First Round
1610612762,2021-22,-6.4,0.546,0.481,0.0,0.593,0.167,36.4,First Round
1610612737,2022-23,-4.5,0.558,0.458,0.04,0.132,0.244,-8.1,First Round
1610612738,2022-23,3.2,0.594,0.526,0.139,0.174,0.11,4.5,Conference Finals
1610612751,2022-23,-11.8,0.542,0.446,0.048,0.137,0.129,-9.7,First Round
1610612739,2022-23,-5.4,0.544,0.474,0.25,0.344,0.333,21.4,First Round
1610612743,2022-23,8.0,0.593,0.553,0.092,0.21,0.301,9.7,Champion
1610612744,2022-23,-0.2,0.553,0.498,0.164,0.149,0.103,7.9,Second Round
1610612746,2022-23,-6.2,0.577,0.437,0.034,0.187,0.285,-4.9,First Round
1610612747,2022-23,2.4,0.573,0.532,0.064,0.168,0.237,3.7,Conference Finals
1610612763,2022-23,-7.2,0.504,0.436,0.035,0.135,0.287,-3.7,First Round
1610612748,2022-23,1.9,0.567,0.498,0.052,0.158,0.281,-1.0,Finals
1610612749,2022-23,-4.8,0.582,0.478,0.0,0.179,0.231,-9.8,First Round
1610612750,2022-23,-7.7,0.565,0.459,0.017,0.166,0.328,-2.3,First Round
1610612752,2022-23,0.0,0.537,0.5,0.02,0.165,0.277,3.8,Second Round
1610612755,2022-23,-2.0,0.555,0.483,0.0,0.154,0.156,-9.8,Second Round
1610612756,2022-23,-2.2,0.588,0.495,0.028,0.169,0.283,-3.4,Second Round
1610612758,2022-23,-2.2,0.532,0.467,0.125,0.371,0.353,72.7,First Round
1610612738,2023-24,8.6,0.589,0.55,0.083,0.214,0.103,40.7,Champion
1610612739,2023-24,-6.4,0.54,0.473,0.122,0.213,0.189,-4.9,Second Round
1610612742,2023-24,2.6,0.569,0.509,0.018,0.177,0.324,4.3,Finals
1610612743,2023-24,-1.4,0.552,0.49,0.0,0.231,0.115,-12.1,Second Round
1610612754,2023-24,1.2,0.596,0.516,0.0,1.0,1.0,50.0,Conference Finals
1610612746,2023-24,-6.4,0.547,0.457,0.0,0.235,0.345,8.0,First Round
1610612747,2023-24,-3.7,0.573,0.488,0.078,0.178,0.246,-3.2,First Round
1610612748,2023-24,-17.0,0.533,0.418,0.118,0.2,0.286,-15.1,First Round
1610612749,2023-24,-2.6,0.576,0.479,0.012,0.144,0.3,-13.8,First Round
1610612750,2023-24,3.9,0.576,0.518,0.071,0.454,0.254,36.8,Conference Finals
1610612740,2023-24,-16.2,0.489,0.401,0.176,0.158,0.28,-20.4,First Round
1610612752,2023-24,-2.5,0.558,0.478,0.088,0.181,0.06,10.9,Second Round
1610612760,2023-24,6.4,0.563,0.545,0.019,0.183,0.312,6.4,Second Round
1610612753,2023-24,4.9,0.527,0.503,0.049,0.164,0.332,3.4,First Round
1610612755,2023-24,0.2,0.574,0.501,0.084,0.176,0.358,9.3,First Round
1610612756,2023-24,-13.9,0.586,0.43,0.007,0.141,0.256,-18.8,First Round
1610612738,2024-25,6.2,0.569,0.535,0.105,0.262,0.182,-30.8,Second Round
1610612739,2024-25,11.8,0.597,0.542,0.115,0.212,0.282,46.0,Second Round
1610612743,2024-25,-5.5,0.552,0.47,0.049,0.18,0.278,-1.5,Second Round
1610612765,2024-25,-0.4,0.562,0.498,0.024,0.145,0.304,1.5,First Round
1610612744,2024-25,-3.4,0.545,0.473,0.007,0.152,0.265,3.7,Second Round
1610612745,2024-25,-0.2,0.548,0.506,0.077,0.157,0.278,7.0,First Round
1610612754,2024-25,2.1,0.599,0.529,0.031,0.16,0.246,-3.5,Finals
1610612746,2024-25,0.6,0.581,0.506,0.0,0.354,0.222,64.5,First Round
1610612747,2024-25,-7.6,0.57,0.469,0.286,1.0,0.455,16.7,First Round
1610612763,2024-25,-19.8,0.525,0.401,0.059,0.254,0.167,-17.1,First Round
1610612748,2024-25,-33.5,0.547,0.351,0.0,0.137,0.1,0.8,First Round
1610612749,2024-25,-6.9,0.564,0.442,0.101,0.211,0.352,-7.0,First Round
1610612750,2024-25,3.1,0.574,0.511,0.214,0.233,0.243,-1.4,Conference Finals
1610612752,2024-25,-0.5,0.559,0.498,0.0,0.215,0.077,76.4,Conference Finals
1610612760,2024-25,8.6,0.566,0.547,0.025,0.179,0.322,9.7,Champion
1610612753,2024-25,-13.7,0.501,0.402,0.0,0.233,0.222,11.1,First Round
1610612737,2025-26,-4.6,0.56,0.478,0.0,0.141,0.331,-0.8,First Round
1610612738,2025-26,33.0,0.617,0.697,0.0,0.429,0.0,150.0,First Round
1610612739,2025-26,10.5,0.648,0.542,0.063,0.189,0.319,17.5,First Round
1610612743,2025-26,2.9,0.573,0.533,0.011,0.188,0.259,5.1,First Round
1610612765,2025-26,-10.1,0.539,0.44,0.0,0.444,0.2,40.0,First Round
1610612745,2025-26,-9.6,0.471,0.407,0.086,0.32,0.119,-10.0,First Round
1610612747,2025-26,9.6,0.691,0.593,0.0,0.199,0.217,11.4,First Round
1610612750,2025-26,-2.9,0.564,0.467,0.012,0.127,0.297,-1.1,First Round
1610612752,2025-26,4.6,0.57,0.522,0.129,0.199,0.147,-6.1,First Round
1610612760,2025-26,39.0,0.577,0.731,0.067,0.236,0.243,32.6,First Round
1610612753,2025-26,10.1,0.569,0.56,0.188,0.304,0.094,-33.2,First Round
1610612755,2025-26,-33.0,0.454,0.303,0.0,0.279,0.25,-12.1,First Round
1610612756,2025-26,-39.0,0.462,0.269,0.0,0.327,0.2,-17.3,First Round
1610612757,2025-26,-14.8,0.509,0.461,0.176,0.299,0.184,6.0,First Round
1610612759,2025-26,14.8,0.601,0.539,0.143,0.276,0.176,34.3,First Round
1610612761,2025-26,-10.5,0.616,0.458,0.0,2.0,0.25,60.0,First Round
