team_id,team_name,season,efg_pct,ts_pct,off_rating,def_rating,net_rating,pace,pie,oreb_pct,dreb_pct,tm_tov_pct,ast_to,three_point_rate,free_throw_rate,playoff_stage
1610612737,Atlanta Hawks,2015-16,0.494,0.533,103.2,104.0,-0.8,96.1,0.516,0.255,0.705,0.148,1.57,0.375,0.24174528301886794,Second Round
1610612738,Boston Celtics,2015-16,0.432,0.475,94.3,101.2,-6.9,97.72,0.436,0.27,0.748,0.147,1.43,0.35195530726256985,0.2346368715083799,First Round
1610612766,Charlotte Hornets,2015-16,0.432,0.494,98.8,108.1,-9.3,91.57,0.431,0.221,0.724,0.103,1.44,0.23134328358208955,0.3097014925373134,First Round
1610612739,Cleveland Cavaliers,2015-16,0.544,0.573,114.6,105.2,9.5,91.4,0.551,0.307,0.745,0.137,1.7,0.3691931540342298,0.2665036674816626,Champion
1610612742,Dallas Mavericks,2015-16,0.474,0.511,101.7,120.4,-18.7,92.6,0.39,0.263,0.627,0.128,1.75,0.2635467980295566,0.2980295566502463,First Round
1610612765,Detroit Pistons,2015-16,0.537,0.559,109.2,119.3,-10.1,86.88,0.474,0.243,0.701,0.121,2.07,0.3094289508632138,0.2921646746347942,First Round
1610612744,Golden State Warriors,2015-16,0.529,0.562,109.7,105.1,4.5,97.83,0.535,0.275,0.676,0.143,1.74,0.37850467289719625,0.27219626168224303,Finals
1610612745,Houston Rockets,2015-16,0.43,0.467,91.4,110.7,-19.3,99.6,0.344,0.332,0.742,0.19,0.95,0.3317757009345794,0.32009345794392524,First Round
1610612754,Indiana Pacers,2015-16,0.495,0.549,103.8,101.9,1.9,90.43,0.538,0.268,0.62,0.16,1.26,0.2843791722296395,0.3190921228304405,First Round
1610612746,LA Clippers,2015-16,0.471,0.502,102.6,101.9,0.7,95.67,0.511,0.265,0.693,0.101,1.88,0.22941176470588234,0.3447058823529412,First Round
1610612763,Memphis Grizzlies,2015-16,0.423,0.455,89.3,113.2,-23.9,90.88,0.328,0.3,0.733,0.171,1.06,0.1968019680196802,0.21525215252152521,First Round
1610612748,Miami Heat,2015-16,0.5,0.539,104.4,101.3,3.1,90.62,0.538,0.27,0.74,0.142,1.24,0.23726708074534164,0.2645962732919255,Second Round
1610612760,Oklahoma City Thunder,2015-16,0.501,0.551,111.3,105.8,5.5,95.61,0.533,0.339,0.727,0.145,1.48,0.29467455621301775,0.32662721893491126,Conference Finals
1610612757,Portland Trail Blazers,2015-16,0.483,0.523,106.3,108.5,-2.3,98.03,0.466,0.303,0.734,0.132,1.65,0.35129068462401797,0.2861952861952862,Second Round
1610612759,San Antonio Spurs,2015-16,0.519,0.557,109.8,100.5,9.3,92.65,0.568,0.27,0.686,0.125,1.84,0.23151515151515153,0.24848484848484848,Second Round
1610612761,Toronto Raptors,2015-16,0.463,0.507,101.7,106.4,-4.7,90.39,0.446,0.307,0.737,0.142,1.21,0.28255528255528256,0.30098280098280095,Conference Finals
1610612737,Atlanta Hawks,2016-17,0.493,0.542,107.3,107.7,-0.5,98.67,0.487,0.322,0.731,0.163,1.4,0.3230769230769231,0.3431952662721893,First Round
1610612738,Boston Celtics,2016-17,0.532,0.566,110.4,113.5,-3.1,94.76,0.482,0.261,0.682,0.141,2.0,0.4090368608799049,0.24137931034482762,Conference Finals
1610612741,Chicago Bulls,2016-17,0.483,0.529,103.6,110.5,-6.9,93.33,0.467,0.316,0.747,0.165,1.3,0.28484848484848485,0.24000000000000002,First Round
1610612739,Cleveland Cavaliers,2016-17,0.579,0.614,119.9,111.8,8.1,96.89,0.538,0.269,0.704,0.135,1.69,0.40794223826714804,0.31528279181708785,Finals
1610612744,Golden State Warriors,2016-17,0.567,0.608,118.2,105.3,12.9,100.68,0.588,0.278,0.732,0.135,2.07,0.37816091954022985,0.29195402298850576,Champion
1610612745,Houston Rockets,2016-17,0.514,0.559,110.1,108.9,1.2,96.9,0.484,0.282,0.679,0.143,1.4,0.45294117647058824,0.3035294117647059,Second Round
1610612754,Indiana Pacers,2016-17,0.53,0.564,114.5,119.0,-4.5,94.88,0.483,0.338,0.711,0.139,1.7,0.3310344827586207,0.2471264367816092,First Round
1610612746,LA Clippers,2016-17,0.526,0.558,107.9,109.0,-1.1,90.64,0.481,0.247,0.782,0.134,1.52,0.3038961038961039,0.3116883116883117,First Round
1610612763,Memphis Grizzlies,2016-17,0.51,0.559,109.9,119.2,-9.3,86.25,0.458,0.246,0.692,0.129,1.66,0.3134715025906736,0.26295336787564766,First Round
1610612749,Milwaukee Bucks,2016-17,0.503,0.533,103.3,103.7,-0.4,90.33,0.49,0.243,0.74,0.148,1.59,0.2774936061381074,0.2659846547314578,First Round
1610612760,Oklahoma City Thunder,2016-17,0.49,0.525,105.0,113.7,-8.7,99.2,0.477,0.293,0.686,0.129,1.55,0.30892448512585813,0.30892448512585813,First Round
1610612757,Portland Trail Blazers,2016-17,0.458,0.507,100.0,116.9,-16.9,101.88,0.368,0.264,0.736,0.15,1.03,0.37988826815642457,0.27150837988826815,First Round
1610612759,San Antonio Spurs,2016-17,0.512,0.551,112.8,111.6,1.2,93.72,0.507,0.327,0.737,0.134,1.67,0.2817551963048499,0.2759815242494226,Conference Finals
1610612761,Toronto Raptors,2016-17,0.493,0.541,104.2,110.1,-5.9,92.9,0.47,0.241,0.759,0.139,1.52,0.29559748427672955,0.2830188679245283,Second Round
1610612762,Utah Jazz,2016-17,0.515,0.552,105.2,110.4,-5.2,92.95,0.469,0.206,0.769,0.13,1.63,0.3303571428571428,0.298469387755102,Second Round
1610612764,Washington Wizards,2016-17,0.505,0.549,110.2,110.5,-0.3,97.18,0.501,0.315,0.719,0.14,1.65,0.3025114155251142,0.2808219178082192,Second Round
1610612738,Boston Celtics,2017-18,0.5,0.541,107.1,106.2,0.9,93.74,0.499,0.256,0.747,0.123,1.82,0.3673469387755102,0.28211284513805523,Conference Finals
1610612739,Cleveland Cavaliers,2017-18,0.512,0.55,108.3,111.1,-2.8,92.13,0.483,0.289,0.744,0.136,1.52,0.3699633699633699,0.28205128205128205,Finals
1610612744,Golden State Warriors,2017-18,0.545,0.581,112.7,102.0,10.7,97.73,0.572,0.255,0.732,0.131,2.03,0.3651162790697674,0.23720930232558138,Champion
1610612745,Houston Rockets,2017-18,0.514,0.552,108.5,107.0,1.6,96.56,0.497,0.251,0.755,0.125,1.56,0.46658851113716293,0.26025791324736225,Conference Finals
1610612754,Indiana Pacers,2017-18,0.542,0.567,110.3,103.4,6.9,91.43,0.545,0.274,0.735,0.144,1.61,0.33832709113607995,0.24094881398252188,First Round
1610612748,Miami Heat,2017-18,0.507,0.542,101.8,112.2,-10.4,101.7,0.429,0.235,0.655,0.157,1.49,0.33333333333333337,0.3454106280193237,First Round
1610612749,Milwaukee Bucks,2017-18,0.561,0.585,108.7,108.8,-0.1,92.55,0.509,0.19,0.698,0.14,1.67,0.3282247765006386,0.2541507024265645,First Round
1610612750,Minnesota Timberwolves,2017-18,0.515,0.548,106.9,116.0,-9.0,95.1,0.475,0.245,0.745,0.133,1.78,0.26392251815980633,0.2760290556900727,First Round
1610612740,New Orleans Pelicans,2017-18,0.533,0.562,105.5,107.0,-1.4,103.89,0.504,0.215,0.762,0.139,1.86,0.30066815144766146,0.20378619153674835,Second Round
1610612760,Oklahoma City Thunder,2017-18,0.49,0.528,102.9,106.9,-4.0,98.5,0.469,0.261,0.713,0.142,1.17,0.3329479768786127,0.24508670520231213,First Round
1610612755,Philadelphia 76ers,2017-18,0.493,0.539,108.9,105.0,3.9,98.87,0.532,0.333,0.769,0.146,1.77,0.33107344632768365,0.31977401129943506,Second Round
1610612757,Portland Trail Blazers,2017-18,0.512,0.539,105.5,113.9,-8.4,100.25,0.426,0.267,0.781,0.145,1.31,0.3549450549450549,0.17362637362637365,First Round
1610612759,San Antonio Spurs,2017-18,0.463,0.515,102.1,111.9,-9.8,94.6,0.418,0.233,0.709,0.116,1.73,0.33651551312649164,0.27446300715990457,First Round
1610612761,Toronto Raptors,2017-18,0.536,0.578,111.4,116.4,-4.9,95.16,0.469,0.272,0.719,0.145,1.56,0.3244228432563791,0.29040097205346294,Second Round
1610612762,Utah Jazz,2017-18,0.52,0.549,104.3,106.1,-1.8,98.36,0.488,0.255,0.754,0.158,1.3,0.36067551266586245,0.2834740651387213,Second Round
1610612764,Washington Wizards,2017-18,0.513,0.561,109.7,110.8,-1.1,98.08,0.498,0.279,0.736,0.138,1.73,0.25586854460093894,0.2734741784037559,First Round
1610612738,Boston Celtics,2018-19,0.491,0.539,101.4,103.0,-1.5,100.61,0.502,0.229,0.783,0.147,1.45,0.39239001189060646,0.2877526753864447,Second Round
1610612751,Brooklyn Nets,2018-19,0.48,0.534,105.7,115.9,-10.2,105.5,0.413,0.258,0.643,0.135,1.35,0.37199124726477023,0.3194748358862144,First Round
1610612743,Denver Nuggets,2018-19,0.496,0.539,113.3,111.1,2.2,93.68,0.518,0.311,0.703,0.102,2.45,0.3082039911308204,0.2793791574279379,Second Round
1610612765,Detroit Pistons,2018-19,0.444,0.471,96.8,120.5,-23.8,101.13,0.354,0.248,0.727,0.104,2.19,0.3440082644628099,0.17045454545454547,First Round
1610612744,Golden State Warriors,2018-19,0.548,0.589,114.6,111.5,3.1,98.57,0.536,0.301,0.714,0.15,1.91,0.37979094076655057,0.28222996515679444,Finals
1610612745,Houston Rockets,2018-19,0.537,0.574,110.5,107.4,3.0,97.26,0.497,0.287,0.687,0.161,1.16,0.509546539379475,0.28997613365155134,Second Round
1610612754,Indiana Pacers,2018-19,0.461,0.496,95.8,103.9,-8.1,95.63,0.454,0.196,0.737,0.125,1.73,0.3568862275449102,0.24550898203592814,First Round
1610612746,LA Clippers,2018-19,0.511,0.563,111.5,120.5,-9.0,103.08,0.431,0.293,0.714,0.146,1.69,0.3553811659192825,0.32286995515695066,First Round
1610612749,Milwaukee Bucks,2018-19,0.523,0.56,110.7,101.9,8.8,100.57,0.555,0.259,0.776,0.128,1.92,0.4314835787089468,0.3171007927519819,Conference Finals
1610612760,Oklahoma City Thunder,2018-19,0.5,0.541,104.4,109.9,-5.5,100.9,0.482,0.264,0.701,0.151,1.49,0.3651162790697674,0.29534883720930233,First Round
1610612753,Orlando Magic,2018-19,0.451,0.496,95.8,111.5,-15.7,95.7,0.399,0.26,0.796,0.163,1.22,0.4192771084337349,0.2674698795180723,First Round
1610612755,Philadelphia 76ers,2018-19,0.514,0.559,109.1,106.0,3.1,99.63,0.538,0.319,0.752,0.166,1.48,0.331002331002331,0.30069930069930073,Second Round
1610612757,Portland Trail Blazers,2018-19,0.501,0.541,109.5,110.6,-1.1,97.15,0.471,0.298,0.691,0.129,1.53,0.3628318584070796,0.2743362831858407,Conference Finals
1610612759,San Antonio Spurs,2018-19,0.503,0.542,110.7,113.1,-2.3,93.14,0.493,0.264,0.726,0.09,2.51,0.23384253819036427,0.2702702702702703,First Round
1610612761,Toronto Raptors,2018-19,0.515,0.561,109.8,104.2,5.6,96.25,0.524,0.239,0.719,0.124,1.87,0.40683962264150947,0.27476415094339623,Champion
1610612762,Utah Jazz,2018-19,0.455,0.501,99.2,108.5,-9.3,98.6,0.473,0.305,0.742,0.154,1.51,0.4143518518518518,0.2962962962962963,First Round
1610612738,Boston Celtics,2019-20,0.527,0.572,111.6,106.3,5.3,96.32,0.531,0.261,0.747,0.142,1.62,0.42873969375736154,0.28504122497055356,Conference Finals
1610612751,Brooklyn Nets,2019-20,0.482,0.518,102.4,122.9,-20.4,103.0,0.388,0.264,0.764,0.14,1.78,0.5038335158817087,0.2683461117196057,First Round
1610612742,Dallas Mavericks,2019-20,0.549,0.58,112.1,121.4,-9.3,102.55,0.463,0.216,0.779,0.121,1.7,0.4204035874439462,0.29708520179372194,First Round
1610612743,Denver Nuggets,2019-20,0.545,0.584,112.6,115.0,-2.4,94.87,0.491,0.279,0.722,0.146,1.62,0.3927272727272727,0.2593939393939394,Conference Finals
1610612745,Houston Rockets,2019-20,0.535,0.569,107.7,106.8,0.8,99.18,0.48,0.189,0.733,0.134,1.59,0.5454545454545454,0.23543123543123542,Second Round
1610612754,Indiana Pacers,2019-20,0.53,0.565,103.9,112.7,-8.8,97.88,0.434,0.185,0.71,0.157,1.48,0.3985056039850561,0.25280199252801994,First Round
1610612746,LA Clippers,2019-20,0.544,0.585,114.4,110.1,4.2,98.9,0.513,0.253,0.762,0.13,1.63,0.3796296296296296,0.29166666666666663,Second Round
1610612747,Los Angeles Lakers,2019-20,0.561,0.595,115.6,108.7,6.9,97.52,0.548,0.304,0.76,0.158,1.67,0.4071428571428572,0.29285714285714287,Champion
1610612748,Miami Heat,2019-20,0.537,0.587,112.7,110.8,1.9,96.57,0.521,0.243,0.731,0.135,1.89,0.4329268292682927,0.32195121951219513,Finals
1610612749,Milwaukee Bucks,2019-20,0.537,0.568,109.1,107.3,1.8,101.05,0.502,0.23,0.791,0.146,1.63,0.42594718714121704,0.27898966704936856,Second Round
1610612760,Oklahoma City Thunder,2019-20,0.5,0.542,101.7,108.3,-6.6,100.65,0.482,0.253,0.816,0.166,1.05,0.42857142857142855,0.2810304449648712,First Round
1610612753,Orlando Magic,2019-20,0.505,0.547,101.9,111.5,-9.6,104.6,0.446,0.172,0.78,0.139,1.63,0.4492099322799097,0.23702031602708806,First Round
1610612755,Philadelphia 76ers,2019-20,0.443,0.512,105.0,117.2,-12.3,95.75,0.446,0.316,0.725,0.125,1.46,0.3607142857142857,0.38095238095238093,First Round
1610612757,Portland Trail Blazers,2019-20,0.492,0.537,104.1,114.5,-10.4,102.4,0.415,0.277,0.704,0.156,1.11,0.3469387755102041,0.2834467120181406,First Round
1610612761,Toronto Raptors,2019-20,0.525,0.559,108.7,104.9,3.8,98.63,0.515,0.226,0.759,0.13,1.9,0.455367231638418,0.24067796610169492,Second Round
1610612762,Utah Jazz,2019-20,0.583,0.616,120.3,116.8,3.5,92.83,0.517,0.26,0.712,0.127,1.79,0.45543345543345537,0.2844932844932845,First Round
1610612737,Atlanta Hawks,2020-21,0.516,0.554,108.8,110.5,-1.8,97.61,0.483,0.256,0.711,0.127,1.63,0.3940092165898618,0.24078341013824883,Conference Finals
1610612738,Boston Celtics,2020-21,0.508,0.56,115.9,128.0,-12.1,96.6,0.439,0.355,0.699,0.134,1.62,0.41496598639455784,0.31065759637188206,First Round
1610612751,Brooklyn Nets,2020-21,0.551,0.592,115.9,109.3,6.6,96.29,0.539,0.242,0.698,0.119,1.95,0.41299303944315546,0.2354988399071926,Second Round
1610612742,Dallas Mavericks,2020-21,0.534,0.559,114.2,119.7,-5.5,92.86,0.448,0.29,0.753,0.118,1.88,0.4069767441860465,0.23255813953488372,First Round
1610612743,Denver Nuggets,2020-21,0.536,0.566,116.8,122.1,-5.3,96.39,0.469,0.295,0.738,0.114,2.22,0.41757049891540127,0.2266811279826464,Second Round
1610612746,LA Clippers,2020-21,0.562,0.604,119.2,114.5,4.8,93.76,0.534,0.247,0.719,0.114,1.95,0.4444444444444444,0.28937728937728935,Conference Finals
1610612747,Los Angeles Lakers,2020-21,0.473,0.52,102.6,109.3,-6.7,95.08,0.442,0.277,0.781,0.146,1.4,0.39518072289156625,0.29518072289156627,First Round
1610612763,Memphis Grizzlies,2020-21,0.523,0.556,115.0,123.4,-8.4,100.0,0.459,0.279,0.729,0.104,2.12,0.3347457627118644,0.21610169491525422,First Round
1610612748,Miami Heat,2020-21,0.462,0.499,95.4,115.0,-19.7,100.26,0.389,0.212,0.664,0.136,1.54,0.4008958566629339,0.2273236282194849,First Round
1610612749,Milwaukee Bucks,2020-21,0.524,0.55,112.2,106.8,5.3,97.51,0.531,0.31,0.765,0.13,1.79,0.38419319429198684,0.2283205268935236,Champion
1610612752,New York Knicks,2020-21,0.458,0.505,102.1,109.7,-7.6,94.9,0.448,0.289,0.781,0.128,1.52,0.3518518518518518,0.2523148148148148,First Round
1610612755,Philadelphia 76ers,2020-21,0.561,0.589,115.6,107.5,8.1,100.88,0.552,0.26,0.734,0.128,1.94,0.331002331002331,0.34149184149184153,Second Round
1610612756,Phoenix Suns,2020-21,0.547,0.585,113.2,109.0,4.2,96.09,0.536,0.234,0.725,0.124,1.95,0.34941176470588237,0.21882352941176472,Finals
1610612757,Portland Trail Blazers,2020-21,0.567,0.608,122.1,122.9,-0.7,94.79,0.484,0.277,0.68,0.121,1.93,0.4439411098527747,0.2570781426953567,First Round
1610612762,Utah Jazz,2020-21,0.579,0.616,120.1,121.7,-1.6,97.05,0.485,0.283,0.735,0.138,1.46,0.517814726840855,0.28859857482185275,Second Round
1610612764,Washington Wizards,2020-21,0.498,0.543,107.0,121.1,-14.1,102.6,0.426,0.29,0.717,0.13,1.67,0.27313769751693,0.327313769751693,First Round
1610612737,Atlanta Hawks,2021-22,0.513,0.554,104.1,115.9,-11.8,94.0,0.43,0.246,0.695,0.175,1.13,0.4475703324808184,0.2813299232736573,First Round
1610612738,Boston Celtics,2021-22,0.533,0.574,110.3,106.3,3.9,95.79,0.529,0.271,0.713,0.154,1.67,0.4474327628361858,0.28361858190709044,Finals
1610612751,Brooklyn Nets,2021-22,0.577,0.61,115.0,119.2,-4.1,95.0,0.468,0.29,0.642,0.161,1.46,0.35000000000000003,0.33076923076923076,First Round
1610612741,Chicago Bulls,2021-22,0.461,0.493,94.4,108.3,-13.8,101.1,0.433,0.185,0.776,0.129,1.77,0.4079822616407982,0.15964523281596452,First Round
1610612742,Dallas Mavericks,2021-22,0.546,0.584,113.9,113.3,0.6,93.31,0.48,0.207,0.706,0.109,1.88,0.5136138613861386,0.2883663366336634,Conference Finals
1610612743,Denver Nuggets,2021-22,0.543,0.586,113.9,121.9,-8.0,96.7,0.455,0.339,0.755,0.17,1.52,0.37922705314009664,0.30434782608695654,First Round
1610612744,Golden State Warriors,2021-22,0.561,0.59,114.5,109.6,4.9,97.61,0.53,0.283,0.731,0.149,1.86,0.4332171893147503,0.2299651567944251,Champion
1610612763,Memphis Grizzlies,2021-22,0.507,0.545,109.8,107.1,2.7,102.67,0.51,0.29,0.725,0.137,1.8,0.39211391018619934,0.2968236582694414,Second Round
1610612748,Miami Heat,2021-22,0.509,0.55,110.7,107.0,3.8,93.97,0.515,0.303,0.748,0.138,1.69,0.4079718640093786,0.25322391559202817,Conference Finals
1610612749,Milwaukee Bucks,2021-22,0.498,0.529,103.4,102.7,0.6,99.0,0.507,0.264,0.804,0.138,1.52,0.3670454545454545,0.23636363636363636,Second Round
1610612750,Minnesota Timberwolves,2021-22,0.527,0.579,105.8,111.7,-5.9,102.92,0.47,0.234,0.688,0.171,1.29,0.43536585365853664,0.34146341463414637,First Round
1610612740,New Orleans Pelicans,2021-22,0.518,0.566,115.6,117.8,-2.2,94.75,0.467,0.387,0.77,0.153,1.47,0.31198102016607354,0.3416370106761566,First Round
1610612755,Philadelphia 76ers,2021-22,0.545,0.592,112.3,111.3,1.0,92.53,0.506,0.259,0.702,0.158,1.47,0.42528735632183906,0.28991060025542786,Second Round
1610612756,Phoenix Suns,2021-22,0.557,0.591,114.9,114.9,0.0,94.12,0.523,0.278,0.686,0.142,1.93,0.3285024154589372,0.22826086956521738,Second Round
1610612761,Toronto Raptors,2021-22,0.503,0.542,109.6,119.5,-9.9,92.15,0.443,0.272,0.714,0.106,2.07,0.38139534883720927,0.2441860465116279,First Round
1610612762,Utah Jazz,2021-22,0.495,0.546,108.4,114.8,-6.4,91.25,0.481,0.284,0.804,0.128,1.47,0.37721518987341773,0.33544303797468356,First Round
1610612737,Atlanta Hawks,2022-23,0.529,0.558,114.3,118.8,-4.5,101.67,0.458,0.297,0.764,0.127,1.91,0.387331256490135,0.17653167185877466,First Round
1610612738,Boston Celtics,2022-23,0.56,0.594,116.1,112.9,3.2,95.83,0.526,0.266,0.716,0.129,1.95,0.45263157894736844,0.23391812865497075,Conference Finals
1610612751,Brooklyn Nets,2022-23,0.513,0.542,102.5,114.3,-11.8,90.5,0.446,0.173,0.632,0.136,1.82,0.4463130659767141,0.2367399741267788,First Round
1610612739,Cleveland Cavaliers,2022-23,0.513,0.544,101.9,107.3,-5.4,92.6,0.474,0.276,0.606,0.171,1.39,0.3903061224489796,0.2372448979591837,First Round
1610612743,Denver Nuggets,2022-23,0.557,0.593,118.2,110.2,8.0,95.18,0.553,0.3,0.762,0.121,2.22,0.3488372093023256,0.25697674418604655,Champion
1610612744,Golden State Warriors,2022-23,0.525,0.553,110.9,111.1,-0.2,101.92,0.498,0.304,0.708,0.141,1.96,0.4540598290598291,0.21047008547008547,Second Round
1610612746,LA Clippers,2022-23,0.529,0.577,116.3,122.5,-6.2,99.5,0.437,0.323,0.682,0.141,1.54,0.38148984198645597,0.2979683972911964,First Round
1610612747,Los Angeles Lakers,2022-23,0.529,0.573,112.7,110.3,2.4,99.04,0.532,0.261,0.709,0.12,2.09,0.3478760045924225,0.2847301951779564,Conference Finals
1610612763,Memphis Grizzlies,2022-23,0.465,0.504,102.8,110.0,-7.2,100.18,0.436,0.281,0.696,0.128,1.79,0.40398740818468,0.20146904512067157,First Round
1610612748,Miami Heat,2022-23,0.531,0.567,113.8,111.9,1.9,94.87,0.498,0.272,0.708,0.123,2.01,0.38824884792626735,0.22811059907834103,Finals
1610612749,Milwaukee Bucks,2022-23,0.559,0.582,114.2,119.0,-4.8,101.98,0.478,0.273,0.787,0.138,1.86,0.44492440604751626,0.23110151187904968,First Round
1610612750,Minnesota Timberwolves,2022-23,0.525,0.565,109.6,117.2,-7.7,94.82,0.459,0.229,0.693,0.133,1.77,0.38983050847457634,0.2929782082324455,First Round
1610612752,New York Knicks,2022-23,0.492,0.537,107.7,107.8,0.0,92.73,0.5,0.348,0.707,0.158,1.28,0.4012269938650307,0.32883435582822085,Second Round
1610612755,Philadelphia 76ers,2022-23,0.51,0.555,110.2,112.1,-2.0,92.08,0.483,0.296,0.766,0.133,1.54,0.4035714285714286,0.2273809523809524,Second Round
1610612756,Phoenix Suns,2022-23,0.55,0.588,116.1,118.3,-2.2,98.41,0.495,0.27,0.681,0.123,2.03,0.2972350230414747,0.2695852534562212,Second Round
1610612758,Sacramento Kings,2022-23,0.493,0.532,109.3,111.6,-2.2,103.93,0.467,0.339,0.7,0.136,1.56,0.4152719665271967,0.2688284518828452,First Round
1610612738,Boston Celtics,2023-24,0.555,0.589,116.8,108.2,8.6,92.6,0.55,0.276,0.762,0.123,2.07,0.4797136038186158,0.23031026252983294,Champion
1610612739,Cleveland Cavaliers,2023-24,0.51,0.54,104.7,111.1,-6.4,93.5,0.473,0.233,0.699,0.13,1.75,0.39328537170263783,0.20383693045563547,Second Round
1610612742,Dallas Mavericks,2023-24,0.54,0.569,113.3,110.7,2.6,93.48,0.509,0.298,0.722,0.134,1.68,0.3987951807228916,0.27349397590361446,Finals
1610612743,Denver Nuggets,2023-24,0.519,0.552,109.5,110.9,-1.4,93.67,0.49,0.253,0.757,0.129,2.08,0.37089201877934275,0.1960093896713615,Second Round
1610612754,Indiana Pacers,2023-24,0.576,0.596,120.0,118.8,1.2,93.76,0.516,0.304,0.682,0.126,2.49,0.3721719457013574,0.1832579185520362,Conference Finals
1610612746,LA Clippers,2023-24,0.506,0.547,109.5,115.9,-6.4,92.0,0.457,0.311,0.683,0.147,1.49,0.38564476885644766,0.26399026763990263,First Round
1610612747,Los Angeles Lakers,2023-24,0.544,0.573,109.7,113.4,-3.7,96.4,0.488,0.212,0.72,0.113,2.22,0.3475177304964539,0.22222222222222224,First Round
1610612748,Miami Heat,2023-24,0.507,0.533,100.7,117.7,-17.0,91.6,0.418,0.168,0.727,0.127,1.83,0.4187192118226601,0.14778325123152708,First Round
1610612749,Milwaukee Bucks,2023-24,0.538,0.576,116.8,119.4,-2.6,92.89,0.479,0.262,0.697,0.113,2.08,0.3650057937427578,0.24565469293163383,First Round
1610612750,Minnesota Timberwolves,2023-24,0.538,0.576,114.8,110.9,3.9,93.38,0.518,0.302,0.762,0.13,1.96,0.39324487334137515,0.28468033775633295,Conference Finals
1610612740,New Orleans Pelicans,2023-24,0.448,0.489,93.5,109.6,-16.2,95.88,0.401,0.295,0.797,0.188,1.08,0.38816568047337274,0.1893491124260355,First Round
1610612752,New York Knicks,2023-24,0.521,0.558,118.1,120.6,-2.5,92.22,0.478,0.368,0.694,0.121,2.01,0.3621867881548975,0.27790432801822323,Second Round
1610612760,Oklahoma City Thunder,2023-24,0.53,0.563,110.9,104.5,6.4,95.2,0.545,0.253,0.683,0.118,2.06,0.3962703962703963,0.21561771561771562,Second Round
1610612753,Orlando Magic,2023-24,0.481,0.527,104.9,100.0,4.9,95.71,0.503,0.304,0.757,0.151,1.34,0.3964285714285714,0.2988095238095238,First Round
1610612755,Philadelphia 76ers,2023-24,0.525,0.574,116.9,116.7,0.2,91.09,0.501,0.316,0.63,0.128,1.94,0.4285714285714286,0.2965186074429772,First Round
1610612756,Phoenix Suns,2023-24,0.528,0.586,109.3,123.2,-13.9,95.25,0.43,0.214,0.608,0.151,1.39,0.34300791556728233,0.36939313984168864,First Round
1610612738,Boston Celtics,2024-25,0.528,0.569,114.4,108.1,6.2,91.68,0.535,0.308,0.669,0.143,1.52,0.4746987951807229,0.27228915662650605,Second Round
1610612739,Cleveland Cavaliers,2024-25,0.551,0.597,122.6,110.7,11.8,97.39,0.542,0.33,0.764,0.124,1.89,0.4669703872437358,0.31776765375854216,Second Round
1610612743,Denver Nuggets,2024-25,0.514,0.552,109.3,114.8,-5.5,96.21,0.47,0.339,0.721,0.161,1.43,0.3953757225433526,0.27283236994219656,Second Round
1610612765,Detroit Pistons,2024-25,0.511,0.562,109.4,109.8,-0.4,97.92,0.498,0.325,0.699,0.169,1.21,0.3784764207980653,0.33615477629987905,First Round
1610612744,Golden State Warriors,2024-25,0.511,0.545,108.6,112.0,-3.4,94.83,0.473,0.313,0.654,0.152,1.61,0.45380116959064326,0.23976608187134502,Second Round
1610612745,Houston Rockets,2024-25,0.51,0.548,111.5,111.7,-0.2,93.21,0.506,0.358,0.708,0.145,1.44,0.34386391251518833,0.3475091130012151,First Round
1610612754,Indiana Pacers,2024-25,0.562,0.599,114.8,112.7,2.1,98.52,0.529,0.263,0.686,0.144,1.84,0.3997627520759194,0.2930011862396204,Finals
1610612746,LA Clippers,2024-25,0.557,0.581,115.9,115.3,0.6,92.06,0.506,0.284,0.662,0.128,2.17,0.3900709219858156,0.23167848699763596,First Round
1610612747,Los Angeles Lakers,2024-25,0.525,0.57,109.1,116.7,-7.6,92.0,0.469,0.275,0.635,0.159,1.45,0.49238578680203043,0.26903553299492383,First Round
1610612763,Memphis Grizzlies,2024-25,0.476,0.525,97.6,117.4,-19.8,102.63,0.401,0.293,0.708,0.187,1.06,0.39746543778801846,0.23617511520737328,First Round
1610612748,Miami Heat,2024-25,0.529,0.547,102.7,136.2,-33.5,92.75,0.351,0.267,0.684,0.172,1.33,0.48834355828220855,0.16319018404907976,First Round
1610612749,Milwaukee Bucks,2024-25,0.535,0.564,111.1,118.0,-6.9,97.47,0.442,0.256,0.778,0.131,1.83,0.4328018223234624,0.25512528473804097,First Round
1610612750,Minnesota Timberwolves,2024-25,0.539,0.574,113.6,110.5,3.1,96.13,0.511,0.343,0.694,0.163,1.54,0.43391812865497076,0.25614035087719295,Conference Finals
1610612752,New York Knicks,2024-25,0.519,0.559,112.7,113.2,-0.5,95.89,0.498,0.33,0.695,0.142,1.44,0.36647398843930634,0.29942196531791904,Conference Finals
1610612760,Oklahoma City Thunder,2024-25,0.522,0.566,114.3,105.7,8.6,100.03,0.547,0.292,0.676,0.123,1.86,0.3897550111358575,0.289532293986637,Champion
1610612753,Orlando Magic,2024-25,0.47,0.501,103.8,117.4,-13.7,90.4,0.402,0.318,0.698,0.129,1.6,0.3696682464454976,0.24407582938388625,First Round
