team_id,team_name,season,effective_field_goal_pct,turnover_ratio,offensive_rebound_rate,assist_turnover_ratio,three_point_rate,free_throw_rate,rebound_rate,defensive_rebound_rate,net_rating_proxy
1610612737,Atlanta Hawks,2015-16,0.5159952606635071,11.210762331838565,0.1971496437054632,1.7066666666666668,0.33649289099526064,0.23696682464454974,0.8698347107438017,0.8028503562945367,3.6
1610612738,Boston Celtics,2015-16,0.48822869955156956,9.967986030267753,0.2583518930957684,1.7664233576642336,0.29260089686098656,0.26345291479820626,0.9315352697095435,0.7416481069042316,3.2
1610612751,Brooklyn Nets,2015-16,0.49111374407582936,11.331618277594021,0.24764150943396226,1.5067567567567568,0.21800947867298576,0.24526066350710898,0.879668049792531,0.7523584905660378,-7.4
1610612766,Charlotte Hornets,2015-16,0.5011848341232227,9.687819698050035,0.2050113895216401,1.736,0.3483412322274881,0.28080568720379145,0.9070247933884298,0.7972665148063781,2.7
1610612741,Chicago Bulls,2015-16,0.4868421052631579,10.424478776061196,0.23974082073434125,1.6402877697841727,0.24485125858123566,0.24027459954233407,0.9546391752577319,0.7602591792656589,-1.5
1610612739,Cleveland Cavaliers,2015-16,0.5244047619047619,10.473784732918489,0.23820224719101124,1.6691176470588236,0.3523809523809524,0.2583333333333333,0.9194214876033058,0.7617977528089888,6.0
1610612742,Dallas Mavericks,2015-16,0.5029726516052319,9.936962394807937,0.21345707656612525,1.7265625,0.3400713436385256,0.26516052318668254,0.8831967213114755,0.7865429234338747,-0.3
1610612743,Denver Nuggets,2015-16,0.4882903981264637,11.019159845282001,0.25784753363228696,1.5442176870748299,0.2775175644028103,0.2822014051522248,0.9214876033057852,0.742152466367713,-3.1
1610612765,Detroit Pistons,2015-16,0.4907407407407407,10.343242414955562,0.2699784017278618,1.437037037037037,0.3032407407407407,0.2951388888888889,0.9546391752577319,0.7321814254859611,0.6
1610612744,Golden State Warriors,2015-16,0.5618556701030928,10.780753517930096,0.21645021645021645,1.9013157894736843,0.3619702176403208,0.24971363115693015,0.9525773195876289,0.7835497835497836,10.8
1610612745,Houston Rockets,2015-16,0.5155688622754492,11.818398049592673,0.26218097447795824,1.3962264150943395,0.37005988023952097,0.3520958083832335,0.8904958677685951,0.7354988399071926,0.2
1610612754,Indiana Pacers,2015-16,0.49706572769953045,11.345292845612647,0.2330316742081448,1.4228187919463087,0.2699530516431925,0.2676056338028169,0.9113402061855671,0.7669683257918551,1.7
1610612746,LA Clippers,2015-16,0.5236650485436892,10.020966946225949,0.20952380952380953,1.7538461538461538,0.3240291262135922,0.31796116504854366,0.8677685950413223,0.7928571428571428,4.3
1610612747,Los Angeles Lakers,2015-16,0.4599056603773585,10.756233904905471,0.24883720930232556,1.3138686131386863,0.29009433962264153,0.29127358490566035,0.8939708939708939,0.7511627906976743,-9.6
1610612763,Memphis Grizzlies,2015-16,0.4766746411483253,10.35277267490737,0.2692307692307692,1.5563909774436089,0.22129186602870815,0.29545454545454547,0.859504132231405,0.7331730769230769,-2.2
1610612748,Miami Heat,2015-16,0.5073439412484699,11.12689393939394,0.22222222222222224,1.4751773049645391,0.22031823745410037,0.28151774785801714,0.9111570247933884,0.7777777777777777,1.6
1610612749,Milwaukee Bucks,2015-16,0.5,11.648580712402673,0.2517985611510791,1.5197368421052633,0.1897810218978102,0.2761557177615572,0.8615702479338844,0.7482014388489208,-4.2
1610612750,Minnesota Timberwolves,2015-16,0.49753997539975403,11.399908800729596,0.24038461538461536,1.5599999999999998,0.2017220172201722,0.33210332103321033,0.8577319587628867,0.7572115384615384,-3.5
1610612740,New Orleans Pelicans,2015-16,0.4982537834691501,10.208123838254563,0.22300469483568075,1.6567164179104477,0.2770663562281723,0.25844004656577413,0.8838174273858921,0.7769953051643192,-3.8
1610612752,New York Knicks,2015-16,0.48333333333333334,10.524992930974896,0.23423423423423426,1.5298507462686566,0.25595238095238093,0.25476190476190474,0.9192546583850932,0.7657657657657658,-2.7
1610612760,Oklahoma City Thunder,2015-16,0.5237268518518519,11.657917118808106,0.26954732510288065,1.4465408805031446,0.2743055555555555,0.29166666666666663,1.0041322314049588,0.7325102880658436,7.3
1610612753,Orlando Magic,2015-16,0.5,10.574154067674586,0.2378752886836028,1.6737588652482271,0.2557603686635945,0.23156682027649772,0.8927835051546391,0.7621247113163973,-1.6
1610612755,Philadelphia 76ers,2015-16,0.4863095238095238,12.438942993234427,0.23058252427184464,1.3109756097560976,0.3273809523809524,0.2690476190476191,0.8530020703933748,0.7718446601941747,-10.2
1610612756,Phoenix Suns,2015-16,0.48714953271028044,12.863852574266312,0.2566964285714286,1.2034883720930232,0.3014018691588785,0.2710280373831776,0.9313929313929313,0.7433035714285714,-6.7
1610612757,Portland Trail Blazers,2015-16,0.510477299185099,11.067313523347481,0.2549450549450549,1.4589041095890412,0.3317811408614668,0.26775320139697323,0.9420289855072465,0.7450549450549451,0.8
1610612758,Sacramento Kings,2015-16,0.5092592592592592,11.711972238288029,0.23981900452488686,1.5123456790123457,0.25925925925925924,0.2951388888888889,0.9151138716356109,0.7624434389140272,-2.5
1610612759,San Antonio Spurs,2015-16,0.525934861278649,10.1177052117767,0.214123006833713,1.870229007633588,0.22316043425814233,0.24607961399276232,0.9126819126819127,0.785876993166287,10.6
1610612761,Toronto Raptors,2015-16,0.5043050430504306,10.49275919518134,0.23502304147465436,1.4274809160305344,0.2878228782287823,0.3284132841328413,0.900414937759336,0.7649769585253458,4.5
1610612762,Utah Jazz,2015-16,0.5018656716417911,11.975566629159298,0.24768518518518515,1.2751677852348993,0.29726368159203975,0.2860696517412935,0.8870636550308009,0.7523148148148148,1.8
1610612764,Washington Wizards,2015-16,0.5104895104895105,10.764662212323683,0.21770334928229665,1.6896551724137931,0.28205128205128205,0.26223776223776224,0.867219917012448,0.784688995215311,-0.5
1610612737,Atlanta Hawks,2016-17,0.5041469194312796,11.724895366440082,0.23250564334085783,1.4936708860759493,0.30924170616113744,0.2950236966824644,0.9134020618556701,0.7697516930022574,-0.9
1610612738,Boston Celtics,2016-17,0.5240893066980024,9.939614970704293,0.21666666666666665,1.894736842105263,0.39247943595769685,0.27262044653349005,0.871369294605809,0.7833333333333333,2.6
1610612751,Brooklyn Nets,2016-17,0.5064553990610329,12.320420537020997,0.20045558086560367,1.2969696969696969,0.37089201877934275,0.2887323943661972,0.9107883817427385,0.7995444191343964,-6.7
1610612766,Charlotte Hornets,2016-17,0.5,8.814151695382916,0.2018348623853211,2.008695652173913,0.33489461358313816,0.2786885245901639,0.9008264462809918,0.7981651376146788,0.2
1610612741,Chicago Bulls,2016-17,0.486796785304248,10.210210210210212,0.2634989200863931,1.661764705882353,0.25602755453501724,0.2583237657864524,0.9605809128630705,0.736501079913607,0.4
1610612739,Cleveland Cavaliers,2016-17,0.5465253239104829,10.41413281440039,0.2128146453089245,1.6569343065693432,0.3992932862190812,0.2744405182567727,0.9010309278350516,0.7871853546910754,3.2
1610612742,Dallas Mavericks,2016-17,0.5048602673147023,9.663797303881761,0.20466321243523317,1.7478991596638656,0.3669501822600243,0.22478736330498178,0.8008298755186721,0.7953367875647668,-2.9
1610612743,Denver Nuggets,2016-17,0.5302166476624858,10.818764064393283,0.25431034482758624,1.6866666666666668,0.32839224629418473,0.2759407069555302,0.962655601659751,0.7456896551724138,0.5
1610612765,Detroit Pistons,2016-17,0.49268018018018017,9.13333128664845,0.24288840262582054,1.7731092436974791,0.2635135135135135,0.21734234234234237,0.9461697722567289,0.7571115973741794,-1.1
1610612744,Golden State Warriors,2016-17,0.563719862227325,10.404656786929502,0.21171171171171171,2.054054054054054,0.35820895522388063,0.25947187141216993,0.921161825726141,0.7882882882882883,11.6
1610612745,Houston Rockets,2016-17,0.5447247706422018,10.850819200919805,0.2454954954954955,1.6688741721854305,0.46215596330275227,0.3038990825688073,0.921161825726141,0.7545045045045046,5.8
1610612754,Indiana Pacers,2016-17,0.5159763313609467,10.572768226533052,0.21428571428571427,1.6304347826086956,0.27218934911242604,0.26153846153846155,0.8677685950413223,0.7857142857142857,-0.2
1610612746,LA Clippers,2016-17,0.5366586538461539,9.989242354387583,0.20930232558139536,1.7307692307692308,0.3293269230769231,0.3125,0.892116182572614,0.7906976744186046,4.3
1610612747,Los Angeles Lakers,2016-17,0.5005720823798626,11.390545846947035,0.2620689655172414,1.375,0.2940503432494279,0.2585812356979405,0.9043659043659044,0.7379310344827587,-6.9
1610612763,Memphis Grizzlies,2016-17,0.49162679425837325,10.070572070946792,0.25233644859813087,1.6511627906976745,0.31698564593301437,0.2799043062200957,0.8824742268041237,0.7476635514018692,0.5
1610612748,Miami Heat,2016-17,0.5122377622377623,10.315309767212712,0.24311926605504586,1.5820895522388059,0.3146853146853147,0.2517482517482518,0.9045643153526971,0.7568807339449541,1.1
1610612749,Milwaukee Bucks,2016-17,0.5274725274725274,10.772876973744959,0.21782178217821785,1.7285714285714284,0.28937728937728935,0.2735042735042735,0.8381742738589211,0.7821782178217822,-0.2
1610612750,Minnesota Timberwolves,2016-17,0.511255924170616,10.546298249314491,0.2688679245283019,1.6928571428571428,0.24881516587677724,0.2867298578199052,0.8778467908902692,0.7311320754716981,-1.1
1610612740,New Orleans Pelicans,2016-17,0.503448275862069,9.734967399178942,0.19679633867276886,1.7674418604651163,0.3080459770114943,0.2563218390804598,0.9010309278350516,0.8032036613272311,-2.1
1610612752,New York Knicks,2016-17,0.49604519774011296,10.413233046657277,0.2654867256637168,1.5683453237410072,0.2790960451977401,0.2384180790960452,0.9338842975206613,0.7345132743362832,-3.7
1610612760,Oklahoma City Thunder,2016-17,0.5,11.131560199477558,0.2618025751072961,1.4,0.2951945080091533,0.2951945080091533,0.9648033126293997,0.7381974248927038,0.8
1610612753,Orlando Magic,2016-17,0.4890804597701149,10.082173504351253,0.22685185185185186,1.6691729323308269,0.3,0.24597701149425286,0.8944099378881989,0.7708333333333333,-6.6
1610612755,Philadelphia 76ers,2016-17,0.5011723329425557,12.326542663123709,0.22897196261682246,1.4251497005988025,0.3493552168815944,0.2579132473622509,0.884297520661157,0.7710280373831776,-5.7
1610612756,Phoenix Suns,2016-17,0.49322033898305084,11.401326699834163,0.2644444444444444,1.2727272727272727,0.25536723163841807,0.29717514124293787,0.9297520661157025,0.7355555555555556,-5.6
1610612757,Portland Trail Blazers,2016-17,0.5191637630662022,10.431895711500976,0.23112128146453087,1.54014598540146,0.32171893147502906,0.27526132404181186,0.8991769547325104,0.7665903890160183,-0.5
1610612758,Sacramento Kings,2016-17,0.5164433617539586,11.27831165219541,0.21167883211678828,1.5410958904109588,0.2911084043848965,0.2838002436053593,0.8474226804123711,0.7858880778588807,-3.9
1610612759,San Antonio Spurs,2016-17,0.5244922341696535,10.261908408638384,0.22779043280182232,1.7761194029850746,0.28076463560334525,0.2628434886499402,0.9089026915113871,0.7722095671981777,7.2
1610612761,Toronto Raptors,2016-17,0.5165876777251185,10.042065977164183,0.2448036951501155,1.4566929133858268,0.28791469194312796,0.29265402843601895,0.8983402489626555,0.7528868360277137,4.2
1610612762,Utah Jazz,2016-17,0.5257861635220126,11.032155488497358,0.2175925925925926,1.4779411764705883,0.3270440251572327,0.2880503144654088,0.8962655601659751,0.7824074074074073,3.9
1610612764,Washington Wizards,2016-17,0.5275862068965517,10.532249451136298,0.24009324009324012,1.6830985915492958,0.2850574712643678,0.2540229885057471,0.8863636363636364,0.7599067599067599,1.8
1610612737,Atlanta Hawks,2017-18,0.512280701754386,11.602838578315415,0.2171837708830549,1.5290322580645161,0.36257309941520466,0.23625730994152047,0.8711018711018711,0.782816229116945,-5.5
1610612738,Boston Celtics,2017-18,0.517626321974148,10.710897573216636,0.21123595505617979,1.6071428571428572,0.3572267920094007,0.24324324324324326,0.9213250517598344,0.7887640449438202,3.6
1610612751,Brooklyn Nets,2017-18,0.5132488479262673,11.20580342661673,0.21846846846846846,1.5592105263157896,0.4112903225806452,0.2603686635944701,0.9173553719008264,0.7837837837837838,-3.7
1610612766,Charlotte Hornets,2017-18,0.5074971164936563,9.557495484647802,0.22197802197802197,1.7007874015748035,0.3137254901960784,0.31141868512110726,0.9439834024896265,0.778021978021978,0.3
1610612741,Chicago Bulls,2017-18,0.49774774774774777,10.38976459761926,0.2147651006711409,1.6785714285714286,0.35022522522522526,0.21621621621621623,0.9235537190082646,0.7829977628635346,-7.0
1610612739,Cleveland Cavaliers,2017-18,0.5471698113207547,10.366850293601308,0.20190023752969122,1.7080291970802919,0.37853773584905664,0.27476415094339623,0.8752598752598753,0.8004750593824228,0.9
1610612742,Dallas Mavericks,2017-18,0.5122235157159487,9.525432129360015,0.19612590799031476,1.8455284552845528,0.38183934807916176,0.2176949941792782,0.855072463768116,0.801452784503632,-3.0
1610612743,Denver Nuggets,2017-18,0.5363741339491918,10.98804500703235,0.24719101123595505,1.6733333333333333,0.3568129330254042,0.25750577367205546,0.9175257731958762,0.7528089887640449,1.5
1610612765,Detroit Pistons,2017-18,0.5120828538550057,10.165993991442356,0.23112128146453087,1.7014925373134329,0.33256616800920596,0.22784810126582278,0.9047619047619049,0.7688787185354691,-0.1
1610612744,Golden State Warriors,2017-18,0.5693301997649823,11.100539169045353,0.19310344827586207,1.9025974025974026,0.3396004700352527,0.2385428907168038,0.9043659043659044,0.806896551724138,6.0
1610612745,Houston Rockets,2017-18,0.5504750593824228,10.571148425052089,0.20689655172413793,1.5579710144927534,0.5023752969121139,0.2980997624703088,0.9024896265560165,0.7931034482758621,8.5
1610612754,Indiana Pacers,2017-18,0.5243055555555555,10.203455365636602,0.22695035460992907,1.6691729323308269,0.28356481481481477,0.2222222222222222,0.8775933609958505,0.773049645390071,1.4
1610612746,LA Clippers,2017-18,0.5275175644028103,11.001347103726987,0.23006833712984054,1.5170068027210886,0.3138173302107728,0.29859484777517564,0.9126819126819127,0.7676537585421414,0.0
1610612747,Los Angeles Lakers,2017-18,0.5169683257918553,11.428406099007608,0.23060344827586207,1.5063291139240507,0.32918552036199095,0.26357466063348417,0.956701030927835,0.769396551724138,-1.5
1610612763,Memphis Grizzlies,2017-18,0.498792270531401,11.665526037454116,0.2345679012345679,1.4333333333333333,0.3164251207729469,0.25483091787439616,0.841995841995842,0.7654320987654321,-6.2
1610612748,Miami Heat,2017-18,0.5193434935521688,10.994044892349978,0.21379310344827587,1.5763888888888888,0.3587338804220399,0.22860492379835873,0.8950617283950617,0.7862068965517242,0.5
1610612749,Milwaukee Bucks,2017-18,0.5313253012048192,10.591269110333396,0.21105527638190957,1.681159420289855,0.2975903614457831,0.2819277108433735,0.8223140495867768,0.7914572864321608,-0.3
1610612750,Minnesota Timberwolves,2017-18,0.5226480836236934,9.476589034449297,0.24523809523809526,1.8159999999999998,0.2613240418118467,0.2799070847851336,0.8695652173913044,0.7523809523809524,2.2
1610612740,New Orleans Pelicans,2017-18,0.5413363533408834,10.70433058421219,0.1963882618510158,1.7986577181208054,0.319365798414496,0.23669309173272932,0.9096509240246405,0.8036117381489842,1.3
1610612752,New York Knicks,2017-18,0.5108323831242874,10.965239445024615,0.23863636363636365,1.5850340136054424,0.26567844925883694,0.21664766248574685,0.9090909090909092,0.7636363636363637,-3.6
1610612760,Oklahoma City Thunder,2017-18,0.5136208853575482,10.4440200525185,0.2771618625277162,1.5214285714285716,0.34506242905788875,0.2746878547105562,0.9318181818181819,0.7228381374722839,3.4
1610612753,Orlando Magic,2017-18,0.5116414435389988,10.91703056768559,0.21153846153846154,1.6137931034482758,0.34109429569266586,0.23864959254947612,0.8648648648648649,0.7884615384615383,-4.8
1610612755,Philadelphia 76ers,2017-18,0.5346420323325635,11.766215984939244,0.22995780590717302,1.6424242424242426,0.34411085450346424,0.2632794457274827,0.983402489626556,0.770042194092827,4.5
1610612756,Phoenix Suns,2017-18,0.49540757749712977,11.662803827182506,0.23356009070294786,1.3566878980891721,0.3203214695752009,0.2743972445464983,0.9168399168399168,0.7687074829931972,-9.4
1610612757,Portland Trail Blazers,2017-18,0.5109195402298851,10.449239914548437,0.22417582417582416,1.4444444444444444,0.32298850574712645,0.24022988505747125,0.9439834024896265,0.7758241758241757,2.6
1610612758,Sacramento Kings,2017-18,0.502903600464576,10.64094199521546,0.23227383863080686,1.5766423357664237,0.2787456445993032,0.19396051103368178,0.8485477178423235,0.7677261613691931,-7.0
1610612759,San Antonio Spurs,2017-18,0.5064402810304449,10.038621873467385,0.23529411764705882,1.7404580152671756,0.2822014051522248,0.24473067915690863,0.918918918918919,0.7669683257918551,2.9
1610612761,Toronto Raptors,2017-18,0.5400457665903889,9.948623526267335,0.22272727272727275,1.8134328358208955,0.3775743707093821,0.2494279176201373,0.9090909090909092,0.7772727272727273,7.8
1610612762,Utah Jazz,2017-18,0.5271411338962605,11.354858643596478,0.20785219399538107,1.5238095238095237,0.35705669481302776,0.25934861278648974,0.8983402489626555,0.7898383371824481,4.3
1610612764,Washington Wizards,2017-18,0.5239485981308412,10.815455730709969,0.23201856148491878,1.726027397260274,0.3095794392523365,0.2546728971962617,0.8904958677685951,0.7679814385150812,0.6
1610612737,Atlanta Hawks,2018-19,0.5217864923747276,11.732553003533567,0.2516268980477223,1.5176470588235293,0.4030501089324619,0.2549019607843137,0.9524793388429753,0.7483731019522777,-6.0
1610612738,Boston Celtics,2018-19,0.5348066298342541,9.263279779997104,0.22022471910112362,2.0546875,0.3812154696132597,0.2154696132596685,0.9232365145228215,0.7797752808988765,4.4
1610612751,Brooklyn Nets,2018-19,0.5206243032329988,10.79959948505221,0.23605150214592274,1.576158940397351,0.40356744704570796,0.2842809364548495,0.9568788501026694,0.7639484978540773,-0.1
1610612766,Charlotte Hornets,2018-19,0.5139198218262807,9.012736030259152,0.226027397260274,1.9016393442622952,0.3775055679287305,0.25723830734966596,0.9049586776859504,0.773972602739726,-1.1
1610612741,Chicago Bulls,2018-19,0.5045506257110352,10.600866113316492,0.20512820512820515,1.553191489361702,0.29465301478953354,0.23549488054607506,0.8845360824742268,0.7948717948717949,-8.4
1610612739,Cleveland Cavaliers,2018-19,0.5028538812785388,10.31258593821615,0.25058548009367676,1.5333333333333332,0.33219178082191786,0.2363013698630137,0.8858921161825726,0.7470725995316159,-9.6
1610612742,Dallas Mavericks,2018-19,0.5184119677790563,10.46950572136369,0.2229580573951435,1.647887323943662,0.42117376294591485,0.2911392405063291,0.9398340248962654,0.7770419426048566,-1.3
1610612743,Denver Nuggets,2018-19,0.5266666666666666,9.57170204862996,0.25646551724137934,2.044776119402985,0.34888888888888886,0.23222222222222222,0.9646569646569646,0.7435344827586207,4.0
1610612765,Detroit Pistons,2018-19,0.5079275198187995,10.240123475112046,0.25333333333333335,1.6304347826086956,0.3941109852774632,0.26160815402038506,0.9297520661157025,0.7466666666666667,-0.2
1610612744,Golden State Warriors,2018-19,0.5640311804008908,10.036778124034925,0.20995670995670992,2.055944055944056,0.3830734966592428,0.22717149220489977,0.9565217391304349,0.79004329004329,6.5
1610612745,Houston Rockets,2018-19,0.5406178489702517,10.02744352966012,0.24228028503562943,1.593984962406015,0.5194508009153318,0.2791762013729977,0.8698347107438017,0.7577197149643705,4.8
1610612754,Indiana Pacers,2018-19,0.5293103448275862,10.07471467231439,0.21627906976744188,1.8978102189781023,0.29195402298850576,0.2425287356321839,0.8939708939708939,0.7837209302325582,3.3
1610612746,LA Clippers,2018-19,0.5291428571428571,10.466291323805397,0.21318681318681318,1.6551724137931034,0.2948571428571429,0.32571428571428573,0.9400826446280992,0.7868131868131868,0.9
1610612747,Los Angeles Lakers,2018-19,0.5276243093922652,11.052290710444064,0.2188841201716738,1.6305732484076434,0.3425414364640884,0.2574585635359116,0.966804979253112,0.7811158798283261,-1.7
1610612763,Memphis Grizzlies,2018-19,0.5088862559241706,10.572421084428333,0.21052631578947373,1.707142857142857,0.34241706161137436,0.2725118483412322,0.8618556701030927,0.7894736842105263,-2.6
1610612748,Miami Heat,2018-19,0.5142045454545454,10.765445118200192,0.24190064794816415,1.653061224489796,0.36818181818181817,0.24659090909090908,0.9625779625779625,0.758099352051836,-0.2
1610612749,Milwaukee Bucks,2018-19,0.5504939626783755,9.843634921534191,0.18712273641851107,1.870503597122302,0.4193194291986828,0.25466520307354557,1.0311203319502074,0.8128772635814888,8.9
1610612750,Minnesota Timberwolves,2018-19,0.5109529025191676,9.377773959854538,0.2522321428571429,1.8778625954198476,0.3143483023001095,0.2661555312157722,0.9256198347107437,0.7477678571428572,-1.5
1610612740,New Orleans Pelicans,2018-19,0.529826464208243,10.256694572268113,0.2346723044397463,1.8243243243243243,0.32429501084598694,0.25379609544468545,0.9813278008298754,0.7653276955602538,-1.3
1610612752,New York Knicks,2018-19,0.4892412231030578,10.532968190436065,0.2348993288590604,1.4357142857142857,0.3340883352208381,0.2706681766704417,0.9273858921161826,0.7673378076062639,-9.2
1610612760,Oklahoma City Thunder,2018-19,0.5138297872340426,9.831460674157302,0.2619542619542619,1.6714285714285713,0.3468085106382979,0.26595744680851063,0.9938016528925621,0.738045738045738,3.4
1610612753,Orlando Magic,2018-19,0.5173961840628508,9.688215606834596,0.22026431718061676,1.9318181818181819,0.3602693602693603,0.2154882154882155,0.9419087136929459,0.7797356828193832,0.7
1610612755,Philadelphia 76ers,2018-19,0.5317460317460317,10.485573539760733,0.2280334728033473,1.8053691275167785,0.3424036281179138,0.31179138321995464,0.989648033126294,0.7719665271966527,2.7
1610612756,Phoenix Suns,2018-19,0.5137299771167048,11.396177897259072,0.22524752475247525,1.532051282051282,0.3352402745995423,0.2597254004576659,0.8329896907216494,0.7747524752475248,-9.3
1610612757,Portland Trail Blazers,2018-19,0.5275938189845475,10.025281143753816,0.24583333333333335,1.6666666666666665,0.33885209713024284,0.2571743929359824,0.9917355371900827,0.7541666666666668,4.2
1610612758,Sacramento Kings,2018-19,0.5247046186895812,9.444068561118629,0.2422907488986784,1.8955223880597014,0.32116004296455425,0.24382384532760473,0.9438669438669438,0.7577092511013216,-1.1
1610612759,San Antonio Spurs,2018-19,0.5345022624434389,9.013706793802145,0.20581655480984337,2.024793388429752,0.2861990950226244,0.23755656108597284,0.9254658385093169,0.7941834451901566,1.7
1610612761,Toronto Raptors,2018-19,0.54320987654321,10.131712259371833,0.21238938053097342,1.8142857142857143,0.3793490460157127,0.2469135802469136,0.931958762886598,0.7876106194690266,6.1
1610612762,Utah Jazz,2018-19,0.5376157407407407,10.885236447520185,0.21551724137931036,1.7218543046357617,0.3935185185185185,0.2951388888888889,0.962655601659751,0.7844827586206896,5.3
1610612764,Washington Wizards,2018-19,0.5299667036625971,9.9988653769785,0.22877358490566038,1.8652482269503547,0.36958934517203107,0.26526082130965595,0.8724279835390946,0.7712264150943398,-2.9
1610612737,Atlanta Hawks,2019-20,0.5143487858719648,11.481544480353804,0.2286374133949192,1.4814814814814816,0.3984547461368654,0.2582781456953642,0.890946502057613,0.7713625866050808,-8.0
1610612738,Boston Celtics,2019-20,0.53125,10.101897399859451,0.23210412147505421,1.6666666666666665,0.3850446428571429,0.25892857142857145,0.9524793388429753,0.7678958785249457,6.3
1610612751,Brooklyn Nets,2019-20,0.5199335548172758,10.873891289515578,0.22129436325678498,1.6013071895424835,0.42192691029900337,0.2668881506090809,0.9855967078189299,0.778705636743215,-0.6
1610612766,Charlotte Hornets,2019-20,0.5046565774155994,10.911482466891872,0.25700934579439255,1.63013698630137,0.39930151338766,0.25145518044237486,0.8824742268041237,0.7429906542056075,-6.8
1610612741,Chicago Bulls,2019-20,0.515801354401806,11.37030516431925,0.25059665871121717,1.4967741935483871,0.39616252821670433,0.23137697516930025,0.8692946058091285,0.7494033412887828,-3.1
1610612739,Cleveland Cavaliers,2019-20,0.5221843003412969,12.10955847815876,0.24434389140271492,1.4000000000000001,0.36177474402730375,0.22639362912400451,0.9132231404958678,0.7556561085972849,-7.9
1610612742,Dallas Mavericks,2019-20,0.5454042081949059,9.191442549865386,0.22388059701492538,1.9448818897637796,0.4573643410852713,0.26356589147286824,0.9670103092783505,0.7761194029850746,4.9
1610612743,Denver Nuggets,2019-20,0.5343082114735658,9.956997315939853,0.2448979591836735,1.934782608695652,0.344206974128234,0.23509561304836893,0.9074074074074074,0.7573696145124716,2.1
1610612765,Detroit Pistons,2019-20,0.528588098016336,11.337028364800378,0.23501199040767387,1.5751633986928104,0.3815635939323221,0.2613768961493582,0.8615702479338844,0.7673860911270983,-3.6
1610612744,Golden State Warriors,2019-20,0.49659863945578236,10.726524030293431,0.23364485981308414,1.7181208053691275,0.35487528344671204,0.26303854875283444,0.884297520661157,0.7686915887850467,-8.7
1610612745,Houston Rockets,2019-20,0.5376106194690264,10.637989926474845,0.2212189616252822,1.469387755102041,0.5011061946902654,0.288716814159292,0.917184265010352,0.7787810383747179,3.0
1610612754,Indiana Pacers,2019-20,0.5333333333333333,9.705596894208995,0.20327102803738317,1.9621212121212122,0.3163841807909605,0.21581920903954804,0.8861283643892339,0.7967289719626169,2.0
1610612746,LA Clippers,2019-20,0.5358744394618834,10.498159226875288,0.2243186582809224,1.6232876712328768,0.3755605381165919,0.2948430493273543,0.9875776397515529,0.7756813417190775,6.4
1610612747,Los Angeles Lakers,2019-20,0.5413363533408834,10.888876153361226,0.23413566739606123,1.6710526315789473,0.3578708946772367,0.27519818799547,0.9501039501039501,0.7680525164113785,5.8
1610612763,Memphis Grizzlies,2019-20,0.5275027502750275,10.659784560143628,0.22150537634408604,1.769736842105263,0.3465346534653465,0.23982398239823982,0.9667359667359667,0.778494623655914,-1.1
1610612748,Miami Heat,2019-20,0.54739336492891,10.932730687954917,0.19144144144144146,1.7382550335570468,0.419431279620853,0.2985781990521327,0.9135802469135802,0.8085585585585585,2.9
1610612749,Milwaukee Bucks,2019-20,0.5522552255225521,10.576599798274122,0.18375241779497098,1.71523178807947,0.4279427942794279,0.2717271727172717,1.0726141078838174,0.816247582205029,10.1
1610612750,Minnesota Timberwolves,2019-20,0.513646288209607,10.784064958132454,0.23437500000000003,1.5555555555555556,0.43340611353711794,0.27729257641921395,0.9218106995884773,0.765625,-4.3
1610612740,New Orleans Pelicans,2019-20,0.5393013100436681,11.302861553729942,0.23870967741935484,1.6341463414634148,0.4028384279475983,0.2554585152838428,0.9607438016528926,0.7612903225806451,-1.3
1610612752,New York Knicks,2019-20,0.5016797312430011,10.511614231108496,0.25806451612903225,1.5454545454545454,0.3180291153415453,0.2631578947368421,0.9607438016528926,0.7419354838709677,-6.5
1610612760,Oklahoma City Thunder,2019-20,0.5304093567251462,10.393590871847783,0.19114219114219114,1.583941605839416,0.3532163742690058,0.29005847953216374,0.8863636363636364,0.808857808857809,2.0
1610612753,Orlando Magic,2019-20,0.5062076749435666,9.461297380403288,0.2314606741573034,1.8671874999999998,0.363431151241535,0.2562076749435666,0.9251559251559252,0.7685393258426967,-1.0
1610612755,Philadelphia 76ers,2019-20,0.5335608646188851,10.308080954731555,0.2312775330396476,1.8169014084507045,0.3594994311717861,0.25483503981797495,0.9419087136929459,0.7709251101321586,2.4
1610612756,Phoenix Suns,2019-20,0.5323496027241772,10.528412486128104,0.2252873563218391,1.8378378378378377,0.3609534619750284,0.2701475595913735,0.9024896265560165,0.7770114942528735,0.2
1610612757,Portland Trail Blazers,2019-20,0.5334429824561404,9.529198058425894,0.2251655629139073,1.609375,0.37390350877192985,0.24232456140350878,0.9398340248962654,0.7748344370860928,-1.1
1610612758,Sacramento Kings,2019-20,0.5345022624434389,10.69069246195588,0.2276995305164319,1.6413793103448275,0.3947963800904977,0.22963800904977374,0.8783505154639175,0.772300469483568,-2.0
1610612759,San Antonio Spurs,2019-20,0.5318791946308725,9.197348827702998,0.20179372197309417,1.9603174603174602,0.3187919463087248,0.261744966442953,0.9195876288659794,0.7982062780269058,-1.1
1610612761,Toronto Raptors,2019-20,0.5358361774744027,10.716251049902974,0.20925110132158592,1.7027027027027026,0.4209328782707622,0.2639362912400455,0.9399585921325052,0.7907488986784141,6.2
1610612762,Utah Jazz,2019-20,0.5499412455934196,11.384884492430185,0.2026726057906459,1.4834437086092715,0.41363102232667454,0.2679200940070506,0.9315352697095435,0.7973273942093541,2.5
1610612764,Washington Wizards,2019-20,0.5225522552255225,10.076353211660185,0.24285714285714283,1.7605633802816902,0.3586358635863586,0.2706270627062706,0.871369294605809,0.7595238095238095,-4.7
1610612737,Atlanta Hawks,2020-21,0.5389908256880733,9.767070174919349,0.23245614035087717,1.825757575757576,0.3830275229357798,0.2775229357798165,0.9440993788819877,0.7697368421052632,2.3
1610612738,Boston Celtics,2020-21,0.5433070866141732,10.394244095184737,0.23927765237020318,1.6666666666666667,0.40944881889763773,0.233970753655793,0.917184265010352,0.7584650112866818,1.5
1610612751,Brooklyn Nets,2020-21,0.575028636884307,9.818181818181818,0.20045045045045046,1.9851851851851852,0.4135166093928981,0.2577319587628866,0.9192546583850932,0.7995495495495496,4.5
1610612766,Charlotte Hornets,2020-21,0.5324601366742597,10.678518860573176,0.24200913242009134,1.8108108108108107,0.4214123006833713,0.2380410022779043,0.908713692946058,0.7579908675799087,-1.9
1610612741,Chicago Bulls,2020-21,0.5474040632054177,10.92619392185239,0.21333333333333332,1.774834437086093,0.3837471783295711,0.19751693002257337,0.9316770186335405,0.7844444444444444,-0.9
1610612739,Cleveland Cavaliers,2020-21,0.5081585081585082,11.485224814013458,0.2429906542056075,1.535483870967742,0.34615384615384615,0.26107226107226106,0.884297520661157,0.7546728971962616,-8.4
1610612742,Dallas Mavericks,2020-21,0.5498281786941581,9.192573008782327,0.21016166281755197,1.8925619834710743,0.436426116838488,0.24284077892325315,0.9002079002079001,0.7898383371824481,2.3
1610612743,Denver Nuggets,2020-21,0.5577354260089686,9.77694090382387,0.23648648648648649,1.9851851851851852,0.3834080717488789,0.218609865470852,0.9135802469135802,0.7635135135135135,4.9
1610612765,Detroit Pistons,2020-21,0.5198598130841122,11.037364070046522,0.22482435597189693,1.6241610738255032,0.38434579439252337,0.2733644859813084,0.8822314049586778,0.775175644028103,-4.5
1610612744,Golden State Warriors,2020-21,0.5510204081632653,10.700222564629343,0.18604651162790697,1.8466666666666667,0.4387755102040817,0.23922902494331066,0.8939708939708939,0.8162790697674419,1.1
1610612745,Houston Rockets,2020-21,0.5220338983050847,10.760401721664277,0.2183098591549296,1.6054421768707485,0.45875706214689266,0.2519774011299435,0.8856548856548857,0.7816901408450704,-7.9
1610612754,Indiana Pacers,2020-21,0.5422149122807017,9.560364851849753,0.21077283372365338,2.0296296296296297,0.37280701754385964,0.2269736842105263,0.8804123711340207,0.7892271662763466,0.0
1610612746,LA Clippers,2020-21,0.5645905420991926,9.940357852882704,0.21266968325791855,1.8484848484848484,0.40023068050749716,0.22260668973471742,0.9208333333333334,0.7850678733031674,6.2
1610612747,Los Angeles Lakers,2020-21,0.5360046457607434,11.155799547896546,0.2194570135746606,1.625,0.3623693379790941,0.2706155632984902,0.9113402061855671,0.7828054298642534,2.8
1610612763,Memphis Grizzlies,2020-21,0.5272331154684096,9.407803525450584,0.24086021505376343,2.0225563909774436,0.3420479302832244,0.23202614379084968,0.9627329192546584,0.7591397849462365,1.0
1610612748,Miami Heat,2020-21,0.5454002389486261,10.570983026449948,0.1927710843373494,1.8652482269503547,0.4324970131421744,0.2520908004778973,0.8592132505175984,0.8072289156626506,0.0
1610612749,Milwaukee Bucks,2020-21,0.5653594771241831,9.820945657434029,0.21413721413721415,1.8478260869565217,0.4041394335511983,0.23311546840958605,1.0,0.7858627858627858,5.9
1610612750,Minnesota Timberwolves,2020-21,0.5198019801980198,10.144434039896709,0.2413793103448276,1.7902097902097902,0.4136413641364136,0.25412541254125415,0.9006211180124224,0.7586206896551724,-5.6
1610612740,New Orleans Pelicans,2020-21,0.5364758698092031,10.341115140525838,0.24683544303797467,1.7808219178082192,0.34118967452300786,0.292929292929293,0.9793388429752066,0.7531645569620254,-0.3
1610612752,New York Knicks,2020-21,0.5236994219653179,9.923382257915627,0.21507760532150774,1.6589147286821704,0.3468208092485549,0.24161849710982658,0.9318181818181819,0.7871396895787139,2.3
1610612760,Oklahoma City Thunder,2020-21,0.5085227272727273,11.875608532735374,0.21710526315789475,1.3726708074534162,0.39886363636363636,0.24204545454545456,0.946058091286307,0.7828947368421053,-10.6
1610612753,Orlando Magic,2020-21,0.4904708520179372,9.608455440787893,0.2290748898678414,1.703125,0.35650224215246634,0.23991031390134526,0.9438669438669438,0.7731277533039648,-9.3
1610612755,Philadelphia 76ers,2020-21,0.5414269275028768,10.571134928791661,0.22172949002217293,1.6458333333333333,0.34637514384349827,0.29344073647871116,0.9318181818181819,0.7760532150776053,5.6
1610612756,Phoenix Suns,2020-21,0.5645526613816534,9.19604496498146,0.20512820512820515,2.1519999999999997,0.39184597961494905,0.21177802944507362,0.882716049382716,0.7972027972027973,5.8
1610612757,Portland Trail Blazers,2020-21,0.539517014270033,8.345613665754414,0.23820224719101124,1.918918918918919,0.4478594950603732,0.2371020856201976,0.9251559251559252,0.7617977528089888,1.8
1610612758,Sacramento Kings,2020-21,0.5490970654627539,9.768187782475579,0.22705314009661837,1.9029850746268657,0.3758465011286682,0.24830699774266368,0.8607068607068606,0.7729468599033816,-3.7
1610612759,San Antonio Spurs,2020-21,0.5176795580110497,8.38358582144433,0.21184510250569477,2.1403508771929824,0.3138121546961326,0.2430939226519337,0.9032921810699588,0.7881548974943053,-1.7
1610612761,Toronto Raptors,2020-21,0.5293122886133033,9.750908607392963,0.22596153846153846,1.825757575757576,0.4430665163472378,0.24013528748590757,0.8648648648648649,0.7716346153846154,-0.5
1610612762,Utah Jazz,2020-21,0.5635641316685585,10.482799350361729,0.2194616977225673,1.6690140845070423,0.48808172531214533,0.24404086265607267,1.0020746887966805,0.7784679089026916,9.3
1610612764,Washington Wizards,2020-21,0.5313531353135313,10.117475127873643,0.2146017699115044,1.7708333333333333,0.319031903190319,0.2882288228822882,0.9358178053830228,0.7853982300884955,-1.8
1610612737,Atlanta Hawks,2021-22,0.5430351075877691,8.840222268445608,0.22727272727272727,2.0672268907563027,0.38958097395243485,0.25254813137032844,0.9147609147609147,0.7704545454545454,1.6
1610612738,Boston Celtics,2021-22,0.5411899313501144,10.074372574002192,0.227765726681128,1.823529411764706,0.42448512585812354,0.23913043478260868,0.9505154639175258,0.7700650759219089,7.3
1610612751,Brooklyn Nets,2021-22,0.540158371040724,10.26589393365757,0.231981981981982,1.7943262411347518,0.35859728506787325,0.24547511312217193,0.921161825726141,0.7680180180180181,0.8
1610612766,Charlotte Hornets,2021-22,0.5443107221006565,9.351971648759633,0.242152466367713,2.112781954887218,0.4179431072210066,0.23413566739606123,0.9195876288659794,0.7556053811659194,0.4
1610612741,Chicago Bulls,2021-22,0.5408515535097813,9.61972042687509,0.20567375886524822,1.8671874999999998,0.33141542002301494,0.24741081703107018,0.8794178794178793,0.7966903073286054,-0.4
1610612739,Cleveland Cavaliers,2021-22,0.5378250591016549,10.752367014127415,0.23076923076923073,1.75,0.3877068557919622,0.2612293144208038,0.918918918918919,0.7692307692307692,2.1
1610612742,Dallas Mavericks,2021-22,0.5387779083431257,9.591185317046222,0.21627906976744188,1.8719999999999999,0.4394829612220917,0.2491186839012926,0.892116182572614,0.786046511627907,3.3
1610612743,Denver Nuggets,2021-22,0.5567786790266512,10.5194428322693,0.20861678004535145,1.9172413793103449,0.4159907300115875,0.24333719582850522,0.9130434782608696,0.7913832199546484,2.3
1610612765,Detroit Pistons,2021-22,0.494920993227991,10.442712163553464,0.2558139534883721,1.6549295774647887,0.3905191873589165,0.24830699774266368,0.892116182572614,0.7441860465116279,-7.7
1610612744,Golden State Warriors,2021-22,0.5515046296296295,10.84961989922232,0.2153846153846154,1.818791946308725,0.4560185185185185,0.2349537037037037,0.9459459459459459,0.7846153846153847,5.5
1610612745,Houston Rockets,2021-22,0.5341435185185185,12.019230769230768,0.22857142857142856,1.4303030303030304,0.4479166666666667,0.28356481481481477,0.871369294605809,0.7714285714285714,-8.5
1610612754,Indiana Pacers,2021-22,0.5307262569832403,10.380922171919606,0.25740318906605925,1.7638888888888888,0.3955307262569832,0.23910614525139665,0.9051546391752577,0.7425968109339408,-3.5
1610612746,LA Clippers,2021-22,0.5320366132723112,10.244982202147709,0.20681818181818182,1.7518248175182483,0.391304347826087,0.2242562929061785,0.9128630705394191,0.7931818181818181,0.0
1610612747,Los Angeles Lakers,2021-22,0.5360360360360361,10.551593654489883,0.2159090909090909,1.6551724137931034,0.38851351351351354,0.25900900900900903,0.9034907597535934,0.7840909090909091,-3.0
1610612763,Memphis Grizzlies,2021-22,0.5217161016949152,9.181714476503158,0.2865853658536585,1.9696969696969697,0.3463983050847458,0.2447033898305085,1.020746887966805,0.7113821138211381,5.7
1610612748,Miami Heat,2021-22,0.5471698113207547,10.869888918669407,0.2242562929061785,1.7465753424657535,0.4221698113207547,0.2523584905660377,0.9028925619834711,0.7757437070938215,4.5
1610612749,Milwaukee Bucks,2021-22,0.5464205816554809,9.797040416447329,0.2184154175588865,1.7835820895522387,0.4295302013422818,0.25615212527964204,0.9688796680497925,0.7815845824411134,3.4
1610612750,Minnesota Timberwolves,2021-22,0.5384615384615384,10.13006148876484,0.25339366515837103,1.797202797202797,0.4538461538461538,0.2538461538461539,0.91701244813278,0.7443438914027148,2.6
1610612740,New Orleans Pelicans,2021-22,0.5170454545454546,10.268884551519212,0.2654867256637168,1.773049645390071,0.3647727272727273,0.2636363636363636,0.9377593360995851,0.7345132743362832,-1.0
1610612752,New York Knicks,2021-22,0.5139211136890952,10.075452259022452,0.2494577006507592,1.6466165413533833,0.42807424593967514,0.27958236658932717,0.9564315352697095,0.7505422993492408,-0.1
1610612760,Oklahoma City Thunder,2021-22,0.4977553310886644,10.443396789401445,0.22807017543859648,1.5857142857142856,0.4197530864197531,0.22334455667789002,0.9440993788819877,0.7719298245614036,-8.1
1610612753,Orlando Magic,2021-22,0.5028312570781427,10.727391098484848,0.2054176072234763,1.6344827586206896,0.4178935447338618,0.22310305775764439,0.9190871369294604,0.7945823927765239,-8.0
1610612755,Philadelphia 76ers,2021-22,0.5349112426035503,9.529472753331504,0.20094562647754138,1.896,0.3763313609467456,0.28165680473372784,0.8757763975155279,0.7990543735224586,2.6
1610612756,Phoenix Suns,2021-22,0.5493895671476138,9.270171605967404,0.21633554083885212,2.1240310077519378,0.35405105438401774,0.22086570477247502,0.9417879417879417,0.7836644591611479,7.5
1610612757,Portland Trail Blazers,2021-22,0.5149253731343284,10.820572520223278,0.24242424242424243,1.579310344827586,0.4225028702640643,0.2479908151549943,0.8918918918918919,0.7575757575757576,-8.9
1610612758,Sacramento Kings,2021-22,0.5244040862656073,10.356072624713557,0.22377622377622378,1.6808510638297873,0.37684449489216804,0.264472190692395,0.8881987577639752,0.7785547785547785,-5.5
1610612759,San Antonio Spurs,2021-22,0.5269687162891047,8.926312238184938,0.24282560706401768,2.1968503937007875,0.34519956850053934,0.22006472491909382,0.937888198757764,0.7571743929359823,0.1
1610612761,Toronto Raptors,2021-22,0.5098576122672509,9.240641078715477,0.2958057395143488,1.768,0.37458926615553123,0.23329682365826945,0.9359504132231404,0.7064017660044151,2.3
1610612762,Utah Jazz,2021-22,0.5551044083526682,10.534553334938597,0.2332613390928726,1.5999999999999999,0.46751740139211134,0.27146171693735494,0.9625779625779625,0.7688984881209504,6.0
1610612764,Washington Wizards,2021-22,0.5331395348837209,9.801867592481743,0.2088167053364269,1.9083969465648856,0.35581395348837214,0.25232558139534883,0.8904958677685951,0.7911832946635731,-3.4
1610612737,Atlanta Hawks,2022-23,0.5411255411255411,9.1982544707795,0.25225225225225223,1.937984496124031,0.33008658008658004,0.24458874458874458,0.9173553719008264,0.7477477477477479,0.3
1610612738,Boston Celtics,2022-23,0.5653153153153153,9.681801104014335,0.2141280353200883,1.9925373134328357,0.47972972972972977,0.24324324324324326,0.9301848049281313,0.7858719646799118,6.5
1610612751,Brooklyn Nets,2022-23,0.5628672150411281,10.222049782128574,0.2024691358024691,1.8613138686131387,0.3971797884841363,0.25969447708578147,0.841995841995842,0.7975308641975308,0.9
1610612766,Charlotte Hornets,2022-23,0.5160398230088495,10.136775077810457,0.24719101123595505,1.767605633802817,0.35951327433628316,0.2610619469026549,0.9194214876033058,0.7528089887640449,-6.2
1610612741,Chicago Bulls,2022-23,0.5495391705069125,9.97825633693742,0.20047169811320756,1.828358208955224,0.33294930875576034,0.2511520737327189,0.8742268041237113,0.7995283018867925,1.3
1610612739,Cleveland Cavaliers,2022-23,0.556338028169014,9.977494373593398,0.23600973236009729,1.8721804511278193,0.37089201877934275,0.2640845070422535,0.8474226804123711,0.7639902676399026,5.4
1610612742,Dallas Mavericks,2022-23,0.5646500593119811,9.352672411149612,0.1958762886597938,1.8770491803278688,0.48635824436536185,0.29774614472123373,0.7983539094650205,0.8041237113402062,0.1
1610612743,Denver Nuggets,2022-23,0.5729166666666666,10.3826545225411,0.23488372093023255,1.993103448275862,0.3611111111111111,0.25925925925925924,0.892116182572614,0.7651162790697674,3.3
1610612765,Detroit Pistons,2022-23,0.5200918484500575,11.061622762035926,0.2641509433962264,1.5231788079470199,0.3719862227324914,0.29506314580941445,0.8778467908902692,0.7382075471698114,-8.2
1610612744,Golden State Warriors,2022-23,0.5698447893569846,11.226823153428656,0.23542600896860985,1.8282208588957054,0.4789356984478936,0.22394678492239467,0.9214876033057852,0.7645739910313901,1.8
1610612745,Houston Rockets,2022-23,0.515185601799775,11.685613711120087,0.28941684665226786,1.382716049382716,0.358830146231721,0.28458942632170975,0.9605809128630705,0.7105831533477321,-7.9
1610612754,Indiana Pacers,2022-23,0.5446428571428571,10.498280818443154,0.2433734939759036,1.8120805369127517,0.4129464285714286,0.2645089285714286,0.8609958506224066,0.7566265060240963,-3.2
1610612746,LA Clippers,2022-23,0.5511033681765389,10.54069301345052,0.22685185185185186,1.6830985915492958,0.3867595818815331,0.2775842044134727,0.8925619834710745,0.773148148148148,0.5
1610612747,Los Angeles Lakers,2022-23,0.5426966292134832,10.063952492434192,0.2188183807439825,1.7943262411347518,0.350561797752809,0.298876404494382,0.9422680412371135,0.7811816192560175,0.6
1610612763,Memphis Grizzlies,2022-23,0.5396308360477742,9.565877950651323,0.2575107296137339,1.911764705882353,0.37133550488599354,0.25841476655808904,0.966804979253112,0.7424892703862661,3.9
1610612748,Miami Heat,2022-23,0.5298944900351701,10.171790235081374,0.23891625615763545,1.762962962962963,0.4079718640093786,0.2696365767878077,0.8405797101449276,0.7610837438423644,-0.3
1610612749,Milwaukee Bucks,2022-23,0.5542035398230089,10.379934023433057,0.22839506172839505,1.767123287671233,0.4457964601769911,0.247787610619469,1.0041322314049588,0.7716049382716049,3.6
1610612750,Minnesota Timberwolves,2022-23,0.5606407322654462,10.981281580156178,0.2171837708830549,1.7124183006535947,0.3810068649885583,0.27116704805491987,0.8657024793388429,0.782816229116945,0.0
1610612740,New Orleans Pelicans,2022-23,0.5422374429223744,10.516004494511511,0.24256292906178487,1.773972602739726,0.3436073059360731,0.2785388127853881,0.9028925619834711,0.7574370709382151,1.9
1610612752,New York Knicks,2022-23,0.5402684563758389,9.522414298271315,0.27038626609442057,1.7615384615384615,0.39932885906040266,0.28523489932885904,0.9568788501026694,0.7296137339055794,2.9
1610612760,Oklahoma City Thunder,2022-23,0.5307775377969762,9.257413051528186,0.2608695652173913,1.876923076923077,0.3682505399568035,0.25593952483801297,0.9028925619834711,0.7391304347826085,1.1
1610612753,Orlando Magic,2022-23,0.5318655851680185,11.135693215339234,0.23611111111111108,1.5364238410596027,0.3603707995365006,0.28968713789107764,0.8962655601659751,0.7662037037037037,-2.6
1610612755,Philadelphia 76ers,2022-23,0.5620525059665871,10.243450173465726,0.21271393643031783,1.8394160583941606,0.38902147971360385,0.29952267303102625,0.843298969072165,0.7872860635696822,4.3
1610612756,Phoenix Suns,2022-23,0.53496115427303,9.612098427887902,0.2669683257918552,2.022222222222222,0.36182019977802443,0.24084350721420644,0.91701244813278,0.7330316742081447,2.1
1610612757,Portland Trail Blazers,2022-23,0.5497658079625293,10.746790785923928,0.23209876543209879,1.6689655172413793,0.41334894613583134,0.28805620608899296,0.841995841995842,0.7679012345679013,-4.0
1610612758,Sacramento Kings,2022-23,0.5725623582766439,9.639827482791125,0.2235294117647059,2.022222222222222,0.4229024943310657,0.28458049886621317,0.878099173553719,0.7741176470588235,2.6
1610612759,San Antonio Spurs,2022-23,0.525377969762419,10.593513723100784,0.2700228832951945,1.7777777777777777,0.347732181425486,0.2289416846652268,0.9028925619834711,0.7299771167048054,-10.0
1610612761,Toronto Raptors,2022-23,0.5175246440306681,8.527945421149305,0.29534883720930233,2.0427350427350426,0.35049288061336253,0.25629791894852133,0.8902691511387164,0.7046511627906977,1.5
1610612762,Utah Jazz,2022-23,0.5473273942093542,10.870179005025694,0.2570806100217865,1.6883116883116882,0.420935412026726,0.2650334075723831,0.9503105590062112,0.7429193899782136,-0.9
1610612764,Washington Wizards,2022-23,0.549482163406214,10.34816815406294,0.21559633027522937,1.801418439716312,0.3647871116225546,0.2577675489067894,0.9045643153526971,0.7844036697247707,-1.2
1610612737,Atlanta Hawks,2023-24,0.538918918918919,9.453251918660019,0.2796420581655481,1.9703703703703705,0.4075675675675676,0.2508108108108108,0.9235537190082646,0.7203579418344519,-2.2
1610612738,Boston Celtics,2023-24,0.5781596452328159,8.63019262009747,0.23110151187904968,2.2605042016806722,0.4711751662971175,0.22394678492239467,0.9566115702479339,0.7688984881209504,11.3
1610612751,Brooklyn Nets,2023-24,0.5314253647586982,9.562322987532484,0.2585034013605442,1.954198473282443,0.41189674523007863,0.2345679012345679,0.9130434782608696,0.7392290249433107,-2.9
1610612766,Charlotte Hornets,2023-24,0.5293103448275862,10.321924365725227,0.2307692307692308,1.7971014492753623,0.39080459770114945,0.21149425287356322,0.8378378378378377,0.7692307692307693,-10.2
1610612741,Chicago Bulls,2023-24,0.5335195530726257,8.971643722790915,0.2557077625570776,2.0491803278688527,0.358659217877095,0.2357541899441341,0.8993839835728952,0.7442922374429225,-1.4
1610612739,Cleveland Cavaliers,2023-24,0.5567660550458715,9.871095110904657,0.2263279445727483,2.058823529411765,0.4220183486238532,0.23394495412844035,0.8964803312629399,0.7713625866050808,2.4
1610612742,Dallas Mavericks,2023-24,0.5618729096989966,9.071117561683598,0.2261072261072261,2.056,0.44035674470457076,0.2508361204013378,0.8918918918918919,0.773892773892774,2.2
1610612743,Denver Nuggets,2023-24,0.5613738738738739,9.022168757518473,0.24099099099099097,2.3412698412698414,0.35135135135135137,0.22409909909909909,0.923076923076923,0.7590090090090091,5.3
1610612765,Detroit Pistons,2023-24,0.5260770975056689,10.978851265457067,0.2424942263279446,1.6776315789473686,0.35941043083900226,0.24603174603174602,0.8983402489626555,0.7575057736720554,-9.1
1610612744,Golden State Warriors,2023-24,0.5578602620087336,9.930555555555555,0.2591006423982869,2.0489510489510487,0.42467248908296945,0.2183406113537118,0.9648760330578513,0.740899357601713,2.6
1610612745,Houston Rockets,2023-24,0.5291208791208791,9.150119599988473,0.25274725274725274,1.952755905511811,0.39670329670329674,0.2571428571428571,0.9400826446280992,0.7472527472527473,1.1
1610612754,Indiana Pacers,2023-24,0.5782092772384034,8.870856828496766,0.2433734939759036,2.387596899224806,0.38079827400215743,0.22114347357065803,0.8627858627858628,0.7566265060240963,3.0
1610612746,LA Clippers,2023-24,0.5617070357554786,9.691642992424242,0.23255813953488372,1.954198473282443,0.3829296424452134,0.2560553633217993,0.8939708939708939,0.7651162790697674,3.3
1610612747,Los Angeles Lakers,2023-24,0.5668571428571428,9.953927535407542,0.19025522041763337,2.0357142857142856,0.3588571428571428,0.2765714285714286,0.8904958677685951,0.8097447795823666,0.6
1610612763,Memphis Grizzlies,2023-24,0.5096371882086167,11.002623141941124,0.25586854460093894,1.6357615894039734,0.42857142857142855,0.23809523809523808,0.8838174273858921,0.744131455399061,-7.0
1610612748,Miami Heat,2023-24,0.5379672897196262,9.49319778741217,0.21985815602836883,2.0314960629921264,0.3936915887850468,0.25700934579439255,0.8775933609958505,0.7801418439716312,1.8
1610612749,Milwaukee Bucks,2023-24,0.5672316384180791,9.319731822910647,0.21266968325791855,2.054263565891473,0.4305084745762712,0.27005649717514124,0.9151138716356109,0.7873303167420813,2.6
1610612750,Minnesota Timberwolves,2023-24,0.5599999999999999,10.450705054608616,0.21559633027522937,1.8732394366197185,0.38470588235294123,0.26941176470588235,0.9026915113871636,0.7844036697247707,6.5
1610612740,New Orleans Pelicans,2023-24,0.5577803203661327,9.459223470516328,0.23636363636363636,2.076923076923077,0.3729977116704805,0.2608695652173913,0.9147609147609147,0.7636363636363637,4.4
1610612752,New York Knicks,2023-24,0.5400225479143179,9.713596091013452,0.2809734513274336,1.8484848484848484,0.40360766629086803,0.24577226606538896,0.9397089397089398,0.7190265486725663,4.6
1610612760,Oklahoma City Thunder,2023-24,0.5727883538633819,9.165704387990765,0.20952380952380953,2.1338582677165356,0.3829787234042554,0.24076147816349386,0.8695652173913044,0.7904761904761906,7.4
1610612753,Orlando Magic,2023-24,0.541813898704358,10.885985959299742,0.24822695035460995,1.6802721088435375,0.36866902237926974,0.287396937573616,0.8775933609958505,0.7517730496453902,2.0
1610612755,Philadelphia 76ers,2023-24,0.5318791946308724,8.779374323256564,0.2558139534883721,2.0749999999999997,0.37248322147651003,0.2639821029082774,0.892116182572614,0.741860465116279,3.0
1610612756,Phoenix Suns,2023-24,0.5656213704994193,10.773992017122694,0.2290249433106576,1.8120805369127517,0.37862950058072015,0.27177700348432055,0.9149377593360996,0.7687074829931972,3.1
1610612757,Portland Trail Blazers,2023-24,0.5033444816053512,11.093271055320393,0.29508196721311475,1.5197368421052633,0.3701226309921962,0.22853957636566333,0.8804123711340207,0.7049180327868853,-9.0
1610612758,Sacramento Kings,2023-24,0.5555555555555555,9.25821224628258,0.24545454545454548,2.1603053435114505,0.4323432343234323,0.22992299229922988,0.9090909090909092,0.7545454545454546,1.7
1610612759,San Antonio Spurs,2023-24,0.5314222712238147,10.449826989619377,0.23529411764705882,1.9801324503311257,0.40132304299889743,0.2205071664829107,0.9132231404958678,0.7669683257918551,-6.5
1610612761,Toronto Raptors,2023-24,0.535674470457079,9.879749336645402,0.25526932084309134,2.0357142857142856,0.3690078037904125,0.2408026755852843,0.8840579710144929,0.7447306791569086,-6.4
1610612762,Utah Jazz,2023-24,0.5389321468298109,10.998710979095444,0.2681318681318681,1.732484076433121,0.40600667408231367,0.25139043381535037,0.9420289855072465,0.7296703296703297,-4.9
1610612764,Washington Wizards,2023-24,0.5382932166301969,9.846119222437897,0.2238442822384428,1.9928571428571427,0.3884026258205689,0.22100656455142229,0.8544698544698545,0.7761557177615571,-9.3
1610612737,Atlanta Hawks,2024-25,0.5462962962962963,10.536476602224216,0.26741573033707866,1.9096774193548387,0.4106753812636166,0.25272331154684097,0.9232365145228215,0.7325842696629213,-1.1
1610612738,Boston Celtics,2024-25,0.5611111111111111,8.724084337702706,0.25165562913907286,2.19327731092437,0.5355555555555556,0.21222222222222223,0.9359504132231404,0.7483443708609272,9.1
1610612751,Brooklyn Nets,2024-25,0.5156794425087108,11.208778243171494,0.26392251815980633,1.6578947368421053,0.45760743321718933,0.24041811846689895,0.8568464730290455,0.7360774818401937,-7.1
1610612766,Charlotte Hornets,2024-25,0.5028058361391695,11.263552597157226,0.26991150442477874,1.567741935483871,0.4298540965207632,0.22222222222222224,0.9377593360995851,0.7300884955752212,-9.1
1610612741,Chicago Bulls,2024-25,0.5532608695652175,10.17526372622311,0.22004357298474944,1.979591836734694,0.45652173913043476,0.21413043478260868,0.9522821576763485,0.7799564270152505,-1.6
1610612739,Cleveland Cavaliers,2024-25,0.5776431718061674,9.313089123440763,0.24669603524229075,2.128787878787879,0.45704845814977973,0.24118942731277532,0.9419087136929459,0.7533039647577093,9.5
1610612742,Dallas Mavericks,2024-25,0.5496009122006842,10.214206502072024,0.23488372093023255,1.8,0.3899657924743444,0.2633979475484607,0.8939708939708939,0.7674418604651163,-1.2
1610612743,Denver Nuggets,2024-25,0.5723830734966593,9.838185921074357,0.24507658643326036,2.167832167832168,0.35523385300668153,0.2594654788418708,0.944214876033058,0.7549234135667395,3.9
1610612765,Detroit Pistons,2024-25,0.546770601336303,10.573975246962643,0.25446428571428575,1.7718120805369126,0.39420935412026725,0.24832962138084633,0.927536231884058,0.7455357142857143,1.9
1610612744,Golden State Warriors,2024-25,0.536504424778761,9.774898061777355,0.27533039647577096,2.0785714285714287,0.4690265486725663,0.24446902654867256,0.9438669438669438,0.7224669603524229,3.3
1610612745,Houston Rockets,2024-25,0.5230192719486081,9.890141165755919,0.30103092783505153,1.6762589928057554,0.3832976445396145,0.24197002141327623,1.0062240663900415,0.6969072164948453,4.5
1610612754,Indiana Pacers,2024-25,0.5621500559910415,9.348177105464435,0.22009569377990432,2.2121212121212124,0.4008958566629339,0.24188129899216126,0.8636363636363636,0.7822966507177035,2.2
1610612746,LA Clippers,2024-25,0.5544611819235227,10.96007296907641,0.23515981735159822,1.691275167785235,0.3870220162224797,0.2514484356894554,0.906832298136646,0.7648401826484019,4.7
1610612747,Los Angeles Lakers,2024-25,0.5561403508771929,10.316267279747693,0.22877358490566038,1.8571428571428572,0.4257309941520468,0.27134502923976606,0.8814968814968814,0.7735849056603773,1.2
1610612763,Memphis Grizzlies,2024-25,0.5546623794212219,10.633110286348984,0.27272727272727276,1.8089171974522293,0.4062165058949625,0.2497320471596999,0.9833679833679833,0.7272727272727273,4.9
1610612748,Miami Heat,2024-25,0.5442528735632184,10.008242081714352,0.22350230414746544,1.9411764705882353,0.42873563218390803,0.232183908045977,0.8930041152263374,0.7764976958525347,0.6
1610612749,Milwaukee Bucks,2024-25,0.568287037037037,9.891927006437134,0.1889400921658986,1.9029850746268657,0.4236111111111111,0.2673611111111111,0.900414937759336,0.8087557603686637,2.5
1610612750,Minnesota Timberwolves,2024-25,0.5536529680365297,10.523107292150488,0.2505643340857788,1.8,0.4554794520547945,0.2488584474885845,0.9152892561983471,0.7494356659142213,5.0
1610612740,New Orleans Pelicans,2024-25,0.5183537263626251,10.433340955865537,0.2775229357798165,1.767123287671233,0.38487208008898777,0.24360400444938818,0.9045643153526971,0.7224770642201834,-9.4
1610612752,New York Knicks,2024-25,0.5560538116591928,9.560916697817524,0.25586854460093894,2.0676691729323307,0.38228699551569506,0.23206278026905827,0.8783505154639175,0.7464788732394366,4.1
1610612760,Oklahoma City Thunder,2024-25,0.5593311758360302,8.340699763323734,0.23660714285714288,2.299145299145299,0.41855447680690394,0.22006472491909382,0.9313929313929313,0.7633928571428572,12.9
1610612753,Orlando Magic,2024-25,0.5104895104895105,10.667067307692307,0.26555023923444976,1.619718309859155,0.4114219114219114,0.2680652680652681,0.869022869022869,0.7344497607655502,-0.1
1610612755,Philadelphia 76ers,2024-25,0.5268878718535469,10.141685309470542,0.2613065326633166,1.7058823529411764,0.425629290617849,0.2574370709382151,0.8240165631469979,0.7386934673366834,-6.2
1610612756,Phoenix Suns,2024-25,0.5602549246813442,10.265594967674296,0.2235294117647059,1.971631205673759,0.440324449594438,0.2410196987253766,0.878099173553719,0.7741176470588235,-3.0
1610612757,Portland Trail Blazers,2024-25,0.520509977827051,11.447541640432718,0.2991071428571429,1.4875,0.417960088691796,0.24611973392461195,0.929460580912863,0.7008928571428572,-3.0
1610612758,Sacramento Kings,2024-25,0.5471698113207547,9.55267618582469,0.24886877828054296,1.9924812030075187,0.3906770255271921,0.23529411764705882,0.9113402061855671,0.751131221719457,0.5
1610612759,San Antonio Spurs,2024-25,0.5439866369710468,9.820545428854034,0.2494279176201373,2.0575539568345325,0.4409799554565702,0.23385300668151449,0.9085239085239085,0.7482837528604119,-2.8
1610612761,Toronto Raptors,2024-25,0.521978021978022,10.618805696676938,0.2793791574279379,1.8627450980392155,0.37362637362637363,0.23186813186813188,0.9337474120082817,0.720620842572062,-4.3
1610612762,Utah Jazz,2024-25,0.5332581736189402,12.176473919691906,0.2643171806167401,1.4825581395348837,0.44870349492671924,0.2525366403607666,0.9399585921325052,0.7356828193832599,-9.3
1610612764,Washington Wizards,2024-25,0.511123470522803,11.169664337266584,0.24256292906178487,1.608974358974359,0.43492769744160176,0.22914349276974416,0.9085239085239085,0.7574370709382151,-12.4
